Date,price,price_log,pct_change,log_return,rolling_mean_12,rolling_std_12,rolling_mean_60,year,month,decade,regime
1970-01-01,1.21,0.1906203596086497,,,,,,1970,1,1970,Pre-embargo era
1970-02-01,1.21,0.1906203596086497,0.0,0.0,,,,1970,2,1970,Pre-embargo era
1970-03-01,1.21,0.1906203596086497,0.0,0.0,,,,1970,3,1970,Pre-embargo era
1970-04-01,1.21,0.1906203596086497,0.0,0.0,,,,1970,4,1970,Pre-embargo era
1970-05-01,1.21,0.1906203596086497,0.0,0.0,,,,1970,5,1970,Pre-embargo era
1970-06-01,1.21,0.1906203596086497,0.0,0.0,,,,1970,6,1970,Pre-embargo era
1970-07-01,1.21,0.1906203596086497,0.0,0.0,,,,1970,7,1970,Pre-embargo era
1970-08-01,1.21,0.1906203596086497,0.0,0.0,,,,1970,8,1970,Pre-embargo era
1970-09-01,1.21,0.1906203596086497,0.0,0.0,,,,1970,9,1970,Pre-embargo era
1970-10-01,1.21,0.1906203596086497,0.0,0.0,,,,1970,10,1970,Pre-embargo era
1970-11-01,1.21,0.1906203596086497,0.0,0.0,,,,1970,11,1970,Pre-embargo era
1970-12-01,1.21,0.1906203596086497,0.0,0.0,1.21,0.0,,1970,12,1970,Pre-embargo era
1971-01-01,1.64,0.494696241836107,35.53719008264462,0.3040758822274573,1.2458333333333331,0.1241303078757695,,1971,1,1970,Pre-embargo era
1971-02-01,1.64,0.494696241836107,0.0,0.0,1.2816666666666665,0.1673772729947274,,1971,2,1970,Pre-embargo era
1971-03-01,1.64,0.494696241836107,0.0,0.0,1.3175,0.1944748172526575,,1971,3,1970,Pre-embargo era
1971-04-01,1.64,0.494696241836107,0.0,0.0,1.3533333333333333,0.2117173644844523,,1971,4,1970,Pre-embargo era
1971-05-01,1.64,0.494696241836107,0.0,0.0,1.3891666666666664,0.221419319734108,,1971,5,1970,Pre-embargo era
1971-06-01,1.64,0.494696241836107,0.0,0.0,1.4249999999999998,0.2245601761828502,,1971,6,1970,Pre-embargo era
1971-07-01,1.74,0.5538851132264376,6.0975609756097615,0.0591888713903306,1.4691666666666665,0.2304721767208013,,1971,7,1970,Pre-embargo era
1971-08-01,1.74,0.5538851132264376,0.0,0.0,1.5133333333333334,0.227049587428639,,1971,8,1970,Pre-embargo era
1971-09-01,1.74,0.5538851132264376,0.0,0.0,1.5575,0.2138446760023394,,1971,9,1970,Pre-embargo era
1971-10-01,1.74,0.5538851132264376,0.0,0.0,1.6016666666666666,0.1888160881691897,,1971,10,1970,Pre-embargo era
1971-11-01,1.74,0.5538851132264376,0.0,0.0,1.6458333333333333,0.1460048774610776,,1971,11,1970,Pre-embargo era
1971-12-01,1.74,0.5538851132264376,0.0,0.0,1.6899999999999995,0.05222329678671,,1971,12,1970,Pre-embargo era
1972-01-01,1.77,0.5709795465857378,1.724137931034475,0.0170944333593001,1.7008333333333334,0.054348761520277,,1972,1,1970,Pre-embargo era
1972-02-01,1.77,0.5709795465857378,0.0,0.0,1.711666666666667,0.0540762648880494,,1972,2,1970,Pre-embargo era
1972-03-01,1.77,0.5709795465857378,0.0,0.0,1.7225,0.0513676587322843,,1972,3,1970,Pre-embargo era
1972-04-01,1.77,0.5709795465857378,0.0,0.0,1.7333333333333332,0.0457926816966395,,1972,4,1970,Pre-embargo era
1972-05-01,1.77,0.5709795465857378,0.0,0.0,1.7441666666666666,0.0360450055381111,,1972,5,1970,Pre-embargo era
1972-06-01,1.77,0.5709795465857378,0.0,0.0,1.755,0.0156669890360135,,1972,6,1970,Pre-embargo era
1972-07-01,1.87,0.6259384308664954,5.649717514124308,0.0549588842807575,1.7658333333333331,0.0360450055381108,,1972,7,1970,Pre-embargo era
1972-08-01,1.87,0.6259384308664954,0.0,0.0,1.7766666666666666,0.045792681696639,,1972,8,1970,Pre-embargo era
1972-09-01,1.87,0.6259384308664954,0.0,0.0,1.7875,0.0513676587322836,,1972,9,1970,Pre-embargo era
1972-10-01,1.87,0.6259384308664954,0.0,0.0,1.7983333333333336,0.0540762648880486,,1972,10,1970,Pre-embargo era
1972-11-01,1.87,0.6259384308664954,0.0,0.0,1.8091666666666668,0.0543487615202761,,1972,11,1970,Pre-embargo era
1972-12-01,1.87,0.6259384308664954,0.0,0.0,1.82,0.052223296786709,,1972,12,1970,Pre-embargo era
1973-01-01,2.08,0.7323678937132266,11.229946524064172,0.1064294628467312,1.8458333333333332,0.0889799092066529,,1973,1,1970,Pre-embargo era
1973-02-01,2.08,0.7323678937132266,0.0,0.0,1.8716666666666668,0.1079421843002775,,1973,2,1970,Pre-embargo era
1973-03-01,2.08,0.7323678937132266,0.0,0.0,1.8975,0.1180234953496352,,1973,3,1970,Pre-embargo era
1973-04-01,2.35,0.8544153281560676,12.98076923076923,0.1220474344428409,1.945833333333333,0.1688710284282775,,1973,4,1970,Pre-embargo era
1973-05-01,2.35,0.8544153281560676,0.0,0.0,1.9941666666666664,0.1949572602734588,,1973,5,1970,Pre-embargo era
1973-06-01,2.35,0.8544153281560676,0.0,0.0,2.0425,0.2059181214154609,,1973,6,1970,Pre-embargo era
1973-07-01,2.7,0.9932517730102834,14.893617021276606,0.1388364448542158,2.111666666666667,0.2716225098897137,,1973,7,1970,Pre-embargo era
1973-08-01,2.7,0.9932517730102834,0.0,0.0,2.1808333333333336,0.3077619603564156,,1973,8,1970,Pre-embargo era
1973-09-01,2.7,0.9932517730102834,0.0,0.0,2.25,0.3243735220670476,,1973,9,1970,Pre-embargo era
1973-10-01,4.1,1.410986973710262,51.85185185185184,0.4177352006999786,2.435833333333333,0.6046104430778441,,1973,10,1970,Pre-embargo era
1973-11-01,4.1,1.410986973710262,0.0,0.0,2.6216666666666666,0.7419854609373574,,1973,11,1970,Pre-embargo era
1973-12-01,4.1,1.410986973710262,0.0,0.0,2.8075,0.8125171326864984,,1973,12,1970,Pre-embargo era
1974-01-01,13.0,2.5649493574615367,217.0731707317073,1.1539623837512747,3.7175,3.0253869023797444,,1974,1,1970,Pre-embargo era
1974-02-01,13.0,2.5649493574615367,0.0,0.0,4.6275,3.979822117998377,,1974,2,1970,Pre-embargo era
1974-03-01,13.0,2.5649493574615367,0.0,0.0,5.5375000000000005,4.551729191896595,,1974,3,1970,Pre-embargo era
1974-04-01,10.6,2.360854001118021,-18.461538461538463,-0.2040953563435152,6.224999999999999,4.648533493088292,,1974,4,1970,Pre-embargo era
1974-05-01,10.6,2.360854001118021,0.0,0.0,6.9125000000000005,4.633383066007346,,1974,5,1970,Pre-embargo era
1974-06-01,10.6,2.360854001118021,0.0,0.0,7.6,4.505148569843577,,1974,6,1970,Pre-embargo era
1974-07-01,10.0,2.302585092994046,-5.660377358490565,-0.0582689081239755,8.208333333333334,4.270077353638994,,1974,7,1970,Pre-embargo era
1974-08-01,10.0,2.302585092994046,0.0,0.0,8.816666666666666,3.919608824019729,,1974,8,1970,Pre-embargo era
1974-09-01,10.0,2.302585092994046,0.0,0.0,9.425,3.4184326552064483,,1974,9,1970,Pre-embargo era
1974-10-01,10.3,2.33214389523559,3.0000000000000027,0.029558802241544,9.941666666666666,2.9809877354306358,,1974,10,1970,Pre-embargo era
1974-11-01,10.3,2.33214389523559,0.0,0.0,10.458333333333334,2.3461606289786907,,1974,11,1970,Pre-embargo era
1974-12-01,10.3,2.33214389523559,0.0,0.0,10.975,1.2410589320121983,3.7005,1974,12,1970,Pre-embargo era
1975-01-01,10.42,2.343727036325221,1.1650485436893063,0.0115831410896309,10.76,1.070055223723602,3.854,1975,1,1970,Pre-embargo era
1975-02-01,10.42,2.343727036325221,0.0,0.0,10.545,0.8055771505290679,4.0075,1975,2,1970,Pre-embargo era
1975-03-01,10.42,2.343727036325221,0.0,0.0,10.33,0.2281148036326258,4.161,1975,3,1970,Pre-embargo era
1975-04-01,10.42,2.343727036325221,0.0,0.0,10.315,0.2142428528562572,4.3145,1975,4,1970,Pre-embargo era
1975-05-01,10.42,2.343727036325221,0.0,0.0,10.3,0.1981734777227146,4.468000000000001,1975,5,1970,Pre-embargo era
1975-06-01,10.42,2.343727036325221,0.0,0.0,10.285,0.1793168855811787,4.621499999999999,1975,6,1970,Pre-embargo era
1975-07-01,10.43,2.344686269012681,0.0959692898272468,0.0009592326874598,10.320833333333336,0.1590001905849442,4.775166666666666,1975,7,1970,Pre-embargo era
1975-08-01,10.43,2.344686269012681,0.0,0.0,10.356666666666667,0.1249242194534289,4.928833333333333,1975,8,1970,Pre-embargo era
1975-09-01,10.43,2.344686269012681,0.0,0.0,10.3925,0.0559423404456164,5.0825,1975,9,1970,Pre-embargo era
1975-10-01,10.46,2.347558458636777,0.2876318312559967,0.0028721896240959,10.405833333333334,0.0507145905727087,5.236666666666666,1975,10,1970,Pre-embargo era
1975-11-01,10.46,2.347558458636777,0.0,0.0,10.419166666666667,0.0403300775043012,5.390833333333334,1975,11,1970,Pre-embargo era
1975-12-01,10.46,2.347558458636777,0.0,0.0,10.4325,0.0171225529104044,5.545,1975,12,1970,Pre-embargo era
1976-01-01,11.51,2.4432162227337915,10.038240917782026,0.0956577640970146,10.523333333333332,0.3111659403344617,5.7095,1976,1,1970,Pre-embargo era
1976-02-01,11.51,2.4432162227337915,0.0,0.0,10.614166666666666,0.4187526571602558,5.874,1976,2,1970,Pre-embargo era
1976-03-01,11.51,2.4432162227337915,0.0,0.0,10.704999999999998,0.4856766601163829,6.0385,1976,3,1970,Pre-embargo era
1976-04-01,11.51,2.4432162227337915,0.0,0.0,10.795833333333334,0.527644135126431,6.203,1976,4,1970,Pre-embargo era
1976-05-01,11.51,2.4432162227337915,0.0,0.0,10.886666666666668,0.5503937984146616,6.367500000000001,1976,5,1970,Pre-embargo era
1976-06-01,11.51,2.4432162227337915,0.0,0.0,10.9775,0.5562884307459607,6.532,1976,6,1970,Pre-embargo era
1976-07-01,11.6,2.451005098112319,0.7819287576020795,0.0077888753785275,11.075,0.5541332297955258,6.6963333333333335,1976,7,1970,Pre-embargo era
1976-08-01,11.6,2.451005098112319,0.0,0.0,11.1725,0.5328503968793956,6.860666666666666,1976,8,1970,Pre-embargo era
1976-09-01,11.6,2.451005098112319,0.0,0.0,11.27,0.489953615615324,7.025,1976,9,1970,Pre-embargo era
1976-10-01,11.9,2.476538400117484,2.586206896551735,0.0255333020051646,11.39,0.4480868422323966,7.194333333333333,1976,10,1970,Pre-embargo era
1976-11-01,11.9,2.476538400117484,0.0,0.0,11.51,0.3606811737405916,7.363666666666668,1976,11,1970,Pre-embargo era
1976-12-01,11.9,2.476538400117484,0.0,0.0,11.63,0.1672776679111687,7.533,1976,12,1970,Pre-embargo era
1977-01-01,12.5,2.525728644308256,5.042016806722693,0.0491902441907718,11.7125,0.2967436910564381,7.711833333333333,1977,1,1970,Pre-embargo era
1977-02-01,12.5,2.525728644308256,0.0,0.0,11.795,0.3650778248288962,7.890666666666666,1977,2,1970,Pre-embargo era
1977-03-01,12.5,2.525728644308256,0.0,0.0,11.8775,0.4045451991827337,8.0695,1977,3,1970,Pre-embargo era
1977-04-01,12.45,2.5217206229107165,-0.4000000000000003,-0.004008021397539,11.955833333333333,0.4177093015555669,8.247499999999999,1977,4,1970,Pre-embargo era
1977-05-01,12.45,2.5217206229107165,0.0,0.0,12.034166666666666,0.4146292611989687,8.4255,1977,5,1970,Pre-embargo era
1977-06-01,12.45,2.5217206229107165,0.0,0.0,12.1125,0.3949251942974603,8.6035,1977,6,1970,Pre-embargo era
1977-07-01,12.63,2.5360749363624,1.445783132530143,0.0143543134516832,12.198333333333332,0.3852232725276949,8.782833333333334,1977,7,1970,Pre-embargo era
1977-08-01,12.63,2.5360749363624,0.0,0.0,12.284166666666666,0.3532050224427224,8.962166666666667,1977,8,1970,Pre-embargo era
1977-09-01,12.63,2.5360749363624,0.0,0.0,12.370000000000005,0.2916099511956664,9.1415,1977,9,1970,Pre-embargo era
1977-10-01,12.68,2.54002594900908,0.3958828186856555,0.0039510126466799,12.435,0.2628342028385821,9.321666666666664,1977,10,1970,Pre-embargo era
1977-11-01,12.68,2.54002594900908,0.0,0.0,12.5,0.2095449615454046,9.501833333333334,1977,11,1970,Pre-embargo era
1977-12-01,12.68,2.54002594900908,0.0,0.0,12.565,0.0975611696227324,9.682,1977,12,1970,Pre-embargo era
1978-01-01,12.66,2.5384474167160302,-0.1577287066246047,-0.0015785322930494,12.578333333333331,0.0987957795686623,9.858333333333333,1978,1,1970,Pre-embargo era
1978-02-01,12.66,2.5384474167160302,0.0,0.0,12.591666666666669,0.0980568789791164,10.034666666666668,1978,2,1970,Pre-embargo era
1978-03-01,12.66,2.5384474167160302,0.0,0.0,12.605,0.0952985738707125,10.211,1978,3,1970,Pre-embargo era
1978-04-01,12.68,2.54002594900908,0.1579778830963718,0.0015785322930494,12.624166666666667,0.0837157890323367,10.383166666666666,1978,4,1970,Pre-embargo era
1978-05-01,12.7,2.5416019934645457,0.1577287066246047,0.0015760444554659,12.644999999999998,0.0655743852428166,10.555666666666667,1978,5,1970,Pre-embargo era
1978-06-01,12.73,2.543961412569315,0.2362204724409622,0.0023594191047693,12.668333333333337,0.0301008406200546,10.728666666666667,1978,6,1970,Pre-embargo era
1978-07-01,12.77,2.547098670044448,0.3142183817753219,0.0031372574751329,12.68,0.0395428421286292,10.8965,1978,7,1970,Pre-embargo era
1978-08-01,12.79,2.548663615590751,0.1566170712607562,0.0015649455463031,12.693333333333335,0.047354242073943,11.064666666666666,1978,8,1970,Pre-embargo era
1978-09-01,12.8,2.5494451709255714,0.0781860828772629,0.0007815553348202,12.707499999999998,0.0518958747701129,11.233,1978,9,1970,Pre-embargo era
1978-10-01,12.85,2.553343811341229,0.390625,0.0038986404156573,12.721666666666666,0.0652036436979456,11.378833333333334,1978,10,1970,Pre-embargo era
1978-11-01,13.2,2.580216829592325,2.7237354085603016,0.0268730182510963,12.765,0.1511471288031242,11.530499999999998,1978,11,1970,Pre-embargo era
1978-12-01,14.5,2.6741486494265287,9.848484848484862,0.0939318198342036,12.916666666666666,0.5203378855623427,11.703833333333334,1978,12,1970,Oil shock era
1979-01-01,17.45,2.859339648648436,20.344827586206883,0.1851909992219074,13.315833333333332,1.3997237281519133,11.778,1979,1,1970,Oil shock era
1979-02-01,20.75,3.0325462466767075,18.911174785100293,0.1732065980282713,13.99,2.5394022202801225,11.907166666666669,1979,2,1970,Oil shock era
1979-03-01,22.02,3.091951131294534,6.120481927710841,0.0594048846178263,14.77,3.3890921283649758,12.0575,1979,3,1970,Oil shock era
1979-04-01,22.43,3.110399348532117,1.8619436875567663,0.0184482172375832,15.5825,3.962678444505111,12.254666666666669,1979,4,1970,Oil shock era
1979-05-01,33.5,3.5115454388310208,49.35354436023183,0.4011460902989037,17.315833333333334,6.39179652983321,12.636333333333331,1979,5,1970,Oil shock era
1979-06-01,34.67,3.545874759696932,3.492537313432842,0.0343293208659112,19.144166666666667,7.91677902631589,13.0375,1979,6,1970,Oil shock era
1979-07-01,33.5,3.5115454388310208,-3.3746755119700045,-0.0343293208659112,20.871666666666663,8.629116496788738,13.429166666666667,1979,7,1970,Oil shock era
1979-08-01,34.0,3.5263605246161616,1.49253731343284,0.0148150857851407,22.639166666666664,8.988018750570456,13.829166666666667,1979,8,1970,Oil shock era
1979-09-01,35.5,3.56953269648137,4.41176470588236,0.0431721718652085,24.530833333333334,9.116819080771275,14.254166666666666,1979,9,1970,Oil shock era
1979-10-01,37.25,3.617651944825568,4.929577464788726,0.0481192483441983,26.564166666666665,8.99495965763184,14.703333333333337,1979,10,1970,Oil shock era
1979-11-01,40.75,3.707455839686872,9.395973154362425,0.0898038948613031,28.860000000000003,8.787330756161506,15.210833333333332,1979,11,1970,Oil shock era
1979-12-01,39.75,3.6826098411003407,-2.453987730061346,-0.0248459985865308,30.96416666666667,8.026327653794151,15.701666666666666,1979,12,1970,Oil shock era
1980-01-01,39.0,3.6635616461296463,-1.8867924528301885,-0.0190481949706944,32.76,7.083161851756739,16.178,1980,1,1980,Oil shock era
1980-02-01,37.25,3.617651944825568,-4.487179487179482,-0.0459097013040779,34.135,6.068663923647606,16.625166666666665,1980,2,1980,Oil shock era
1980-03-01,37.0,3.610917912644224,-0.6711409395973145,-0.006734032181344,35.38333333333333,4.746773704955899,17.068166666666666,1980,3,1980,Oil shock era
1980-04-01,36.58,3.59950164296272,-1.1351351351351346,-0.0114162696815047,36.5625,2.427277281235117,17.504166666666666,1980,4,1980,Oil shock era
1980-05-01,37.05,3.612268351742096,1.2848551120830942,0.0127667087793761,36.85833333333333,2.228268114002202,17.947999999999997,1980,5,1980,Oil shock era
1980-06-01,37.0,3.610917912644224,-0.134952766531704,-0.0013504390978713,37.0525,2.119086960333315,18.391,1980,6,1980,Oil shock era
1980-07-01,35.38,3.566146688731639,-4.378378378378367,-0.0447712239125852,37.20916666666667,1.8896438256663424,18.806833333333334,1980,7,1980,Oil shock era
1980-08-01,32.95,3.4949912609485163,-6.868287167891463,-0.0711554277831227,37.12166666666666,2.0676769280494525,19.182166666666667,1980,8,1980,Oil shock era
1980-09-01,32.83,3.4913427315135013,-0.3641881638846822,-0.003648529435015,36.899166666666666,2.3783625319394592,19.5555,1980,9,1980,Oil shock era
1980-10-01,37.35,3.6203329115788265,13.767895217788627,0.1289901800653252,36.9075,2.3798782436388626,20.003666666666664,1980,10,1980,Oil shock era
1980-11-01,40.3,3.696351468952637,7.898259705488608,0.0760185573738105,36.87,2.316529535945793,20.501,1980,11,1980,Oil shock era
1980-12-01,39.75,3.6826098411003407,-1.364764267990071,-0.0137416278522963,36.87,2.316529535945793,20.98916666666667,1980,12,1980,Oil shock era
1981-01-01,39.77,3.6831128592196,0.0503144654088183,0.0005030181192586,36.93416666666666,2.3903801840382144,21.46016666666667,1981,1,1980,Oil shock era
1981-02-01,37.9,3.634951112088381,-4.702036711088775,-0.0481617471312185,36.98833333333334,2.405504420106448,21.9,1981,2,1980,Oil shock era
1981-03-01,37.6,3.6270040503958487,-0.7915567282321789,-0.0079470616925321,37.03833333333333,2.4119959043133523,22.334833333333336,1981,3,1980,Oil shock era
1981-04-01,36.37,3.593744258998897,-3.271276595744688,-0.0332597913969512,37.020833333333336,2.4163814356231894,22.749166666666667,1981,4,1980,Oil shock era
1981-05-01,34.28,3.534562093729579,-5.746494363486376,-0.0591821652693185,36.79,2.5423646830890183,23.128666666666668,1981,5,1980,Oil shock era
1981-06-01,32.71,3.4876808415502927,-4.579929988331388,-0.0468812521792862,36.432500000000005,2.7988378269950416,23.482000000000003,1981,6,1980,Oil shock era
1981-07-01,33.51,3.511843901749219,2.4457352491592754,0.0241630601989264,36.27666666666666,2.9125163544865567,23.847166666666663,1981,7,1980,Oil shock era
1981-08-01,33.98,3.525772116243786,1.4025663980901104,0.0139282144945669,36.3625,2.8192491747078794,24.220166666666668,1981,8,1980,Oil shock era
1981-09-01,33.99,3.5260663637080247,0.0294290759270232,0.0002942474642386,36.45916666666667,2.704674264821556,24.59333333333333,1981,9,1980,Oil shock era
1981-10-01,34.61,3.544142657647253,1.8240659017358047,0.0180762939392282,36.23083333333333,2.738083132854879,24.971833333333333,1981,10,1980,Oil shock era
1981-11-01,35.68,3.5745903077118086,3.091592025426171,0.0304476500645556,35.84583333333334,2.4202684236308163,25.368166666666664,1981,11,1980,Oil shock era
1981-12-01,35.41,3.566994266123812,-0.756726457399115,-0.0075960415879965,35.48416666666666,2.084847752598571,25.76,1981,12,1980,Oil shock era
1982-01-01,35.05,3.5567756134805992,-1.016661959898335,-0.0102186526432128,35.09083333333333,1.589056085361497,26.13583333333333,1982,1,1980,Oil shock era
1982-02-01,32.27,3.4741380060638707,-7.93152639087017,-0.0826376074167285,34.62166666666667,1.5135859487464158,26.465333333333334,1982,2,1980,Oil shock era
1982-03-01,30.17,3.40684805317097,-6.507592190889378,-0.0672899528929007,34.0025,1.693485512727624,26.759833333333336,1982,3,1980,Oil shock era
1982-04-01,31.57,3.4522073025699003,4.640371229698381,0.0453592493989303,33.6025,1.649761001974687,27.0785,1982,4,1980,Oil shock era
1982-05-01,33.04,3.497718948652777,4.656319290465638,0.0455116460828768,33.49916666666667,1.6422847628911372,27.421666666666667,1982,5,1980,Oil shock era
1982-06-01,32.77,3.489513462710723,-0.8171912832929618,-0.0082054859420539,33.50416666666666,1.639753076385377,27.76033333333333,1982,6,1980,Oil shock era
1982-07-01,32.92,3.494080375808869,0.4577357339029531,0.004566913098146,33.455,1.6483848844468587,28.0985,1982,7,1980,Oil shock era
1982-08-01,32.42,3.4787755163075302,-1.518833535844466,-0.0153048595013389,33.325,1.6646512056174991,28.42833333333333,1982,8,1980,Oil shock era
1982-09-01,33.47,3.510649515223235,3.2387415175817225,0.0318739989157048,33.281666666666666,1.6524903153799115,28.77566666666667,1982,9,1980,Oil shock era
1982-10-01,33.78,3.519868911379654,0.9262025694652064,0.009219396156419,33.2125,1.608625189408694,29.127333333333336,1982,10,1980,Oil shock era
1982-11-01,32.85,3.49195174493062,-2.753108348134992,-0.0279171664490345,32.97666666666667,1.409057282101258,29.4635,1982,11,1980,Oil shock era
1982-12-01,31.47,3.4490347110763158,-4.2009132420091415,-0.0429170338543043,32.64833333333333,1.2393241070940275,29.776666666666664,1982,12,1980,Oil shock era
1983-01-01,30.65,3.4226326623822203,-2.605656180489357,-0.026402048694095,32.281666666666666,1.1081174316941398,30.076500000000003,1983,1,1980,Oil shock era
1983-02-01,29.11,3.371081757757532,-5.0244698205546445,-0.0515509046246882,32.01833333333334,1.4376232489984233,30.350666666666665,1983,2,1980,Oil shock era
1983-03-01,28.32,3.343568268825519,-2.713844039848845,-0.0275134889320129,31.864166666666662,1.724436447250591,30.611666666666665,1983,3,1980,Oil shock era
1983-04-01,29.69,3.3908102887756684,4.837570621468923,0.0472420199501493,31.7075,1.835419818213558,30.895166666666668,1983,4,1980,Oil shock era
1983-05-01,29.36,3.3796332037463146,-1.1114853486022258,-0.0111770850293537,31.40083333333333,1.8988774594640887,31.172833333333337,1983,5,1980,Oil shock era
1983-06-01,29.97,3.400196881328572,2.0776566757493065,0.020563677582257,31.167500000000004,1.8873363866475483,31.460166666666662,1983,6,1980,Oil shock era
1983-07-01,30.47,3.416742592997618,1.6683350016683418,0.0165457116690461,30.96333333333333,1.811515354278861,31.755166666666664,1983,7,1980,Oil shock era
1983-08-01,30.65,3.4226326623822203,0.5907449950771193,0.0058900693846024,30.81583333333333,1.7532487161285044,32.05283333333333,1983,8,1980,Oil shock era
1983-09-01,30.07,3.4035279970004377,-1.8923327895595363,-0.0191046653817825,30.5325,1.548049359090984,32.34066666666667,1983,9,1980,Oil shock era
1983-10-01,29.62,3.3884498088396526,-1.4965081476554731,-0.0150781881607851,30.18583333333333,1.175712227725998,32.62016666666667,1983,10,1980,Oil shock era
1983-11-01,29.17,3.37314078387963,-1.5192437542201231,-0.0153090249600227,29.879166666666663,0.8533831957497542,32.88633333333333,1983,11,1980,Oil shock era
1983-12-01,28.81,3.360722549096437,-1.23414466918067,-0.0124182347831927,29.6575,0.7406155302426142,33.124833333333335,1983,12,1980,Oil shock era
1984-01-01,29.04,3.3686741899565957,0.7983339118361688,0.007951640860158,29.523333333333337,0.6884677761435635,33.318000000000005,1984,1,1980,Oil shock era
1984-02-01,29.2,3.374168709274236,0.5509641873278293,0.0054945193176405,29.530833333333334,0.6840316092290089,33.45883333333334,1984,2,1980,Oil shock era
1984-03-01,29.53,3.3854066957558318,1.1301369863013777,0.0112379864815954,29.63166666666667,0.5687919148725898,33.584,1984,3,1980,Oil shock era
1984-04-01,29.57,3.3867603338643857,0.135455469014567,0.0013536381085543,29.62166666666667,0.5687279799268717,33.703,1984,4,1980,Oil shock era
1984-05-01,29.46,3.3830334110344844,-0.3719986472776493,-0.0037269228299012,29.63,0.5652674346957002,33.635666666666665,1984,5,1980,Oil shock era
1984-06-01,29.05,3.3690184832979204,-1.3917175831636095,-0.0140149277365639,29.55333333333333,0.577224288113437,33.542,1984,6,1980,Oil shock era
1984-07-01,27.99,3.331847303527362,-3.648881239242696,-0.0371711797705582,29.346666666666668,0.6575620721939985,33.45016666666667,1984,7,1980,Oil shock era
1984-08-01,28.17,3.338257581888281,0.643086816720273,0.006410278360919,29.14,0.597692532692647,33.353,1984,8,1980,Oil shock era
1984-09-01,28.35,3.3446270301737613,0.6389776357827559,0.0063694482854801,28.996666666666663,0.5594044452214518,33.23383333333333,1984,9,1980,Oil shock era
1984-10-01,27.85,3.326832966373293,-1.763668430335097,-0.0177940638004683,28.849166666666672,0.6110714633604808,33.07716666666666,1984,10,1980,Oil shock era
1984-11-01,27.65,3.319625727968344,-0.7181328545781018,-0.0072072384049493,28.7225,0.6908509245851708,32.85883333333333,1984,11,1980,Oil shock era
1984-12-01,26.81,3.288774952247868,-3.037974683544309,-0.0308507757204758,28.555833333333336,0.8824908789983815,32.643166666666666,1984,12,1980,Oil shock era
1985-01-01,26.63,3.282038399825841,-0.6713912719134685,-0.0067365524220268,28.355,1.0250099777785764,32.437,1985,1,1980,Oil shock era
1985-02-01,27.6,3.317815772723105,3.642508449117554,0.0357773728972636,28.221666666666668,1.0090394472273063,32.27616666666667,1985,2,1980,Oil shock era
1985-03-01,27.85,3.326832966373293,0.9057971014492684,0.0090171936501883,28.081666666666663,0.9239719922294308,32.123666666666665,1985,3,1980,Oil shock era
1985-04-01,27.8,3.3250360206965914,-0.1795332136445226,-0.0017969456767015,27.934166666666663,0.797387305612332,31.97733333333333,1985,4,1980,Oil shock era
1985-05-01,26.65,3.2827891506118534,-4.1366906474820215,-0.042246870084738,27.7,0.717128110781403,31.804,1985,5,1980,Oil shock era
1985-06-01,26.37,3.2722270003651954,-1.050656660412752,-0.0105621502466579,27.476666666666663,0.6745278932616892,31.62683333333333,1985,6,1980,Oil shock era
1985-07-01,26.38,3.2726061472891685,0.0379218809252845,0.0003791469239731,27.3425,0.7216159265528428,31.47683333333333,1985,7,1980,Oil shock era
1985-08-01,27.02,3.2965773325320527,2.426080363912053,0.0239711852428841,27.24666666666667,0.6766942821653826,31.378,1985,8,1980,Oil shock era
1985-09-01,26.98,3.2950958507796098,-0.1480384900073961,-0.0014814817524428,27.1325,0.5826604344027071,31.2805,1985,9,1980,Oil shock era
1985-10-01,27.82,3.325755186495297,3.1134173461823567,0.0306593357156872,27.13,0.5793570103612408,31.12166666666667,1985,10,1980,Oil shock era
1985-11-01,28.6,3.353406717825807,2.8037383177570208,0.0276515313305099,27.209166666666665,0.7075881998777477,30.926666666666662,1985,11,1980,Oil shock era
1985-12-01,26.5,3.277144732992177,-7.342657342657343,-0.0762619848336303,27.183333333333334,0.7288263708099818,30.70583333333333,1985,12,1980,Oil shock era
1986-01-01,24.68,3.205993199037187,-6.867924528301883,-0.0711515339549895,27.02083333333333,1.021882917446938,30.45433333333333,1986,1,1980,Oil shock era
1986-02-01,15.92,2.767576180416237,-35.49432739059968,-0.4384170186209499,26.0475,3.344075154114182,30.088,1986,2,1980,Oil shock era
1986-03-01,12.65,2.537657215173529,-20.54020100502513,-0.2299189652427076,24.780833333333334,5.045266833800028,29.672166666666666,1986,3,1980,Oil shock era
1986-04-01,11.9,2.476538400117484,-5.928853754940711,-0.0611188150560457,23.45583333333333,6.147689082948664,29.264333333333337,1986,4,1980,Oil shock era
1986-05-01,13.72,2.61885462229774,15.294117647058837,0.1423162221802556,22.37833333333333,6.649583491171512,28.92166666666667,1986,5,1980,Oil shock era
1986-06-01,11.85,2.47232786758114,-13.629737609329451,-0.1465267547165991,21.168333333333333,7.158782061640143,28.574,1986,6,1980,Oil shock era
1986-07-01,9.62,2.263844264677615,-18.81856540084389,-0.208483602903525,19.771666666666665,7.666480564276175,28.175833333333333,1986,7,1980,Oil shock era
1986-08-01,13.7,2.617395832834079,42.41164241164241,0.353551568156464,18.66166666666667,7.48371423745448,27.83783333333333,1986,8,1980,Oil shock era
1986-09-01,14.08,2.644755350729896,2.7737226277372296,0.027359517895817,17.586666666666666,7.096703887059552,27.506000000000004,1986,9,1980,Oil shock era
1986-10-01,13.95,2.6354795082673745,-0.9232954545454586,-0.0092758424625216,16.430833333333336,6.370871866026927,27.161666666666665,1986,10,1980,Oil shock era
1986-11-01,14.45,2.670694414558441,3.584229390680993,0.0352149062910664,15.251666666666669,5.0956127891520335,26.80783333333333,1986,11,1980,Oil shock era
1986-12-01,15.68,2.7523860149222616,8.512110726643595,0.0816916003638206,14.35,3.6868365350749817,26.479,1986,12,1980,Oil shock era
1987-01-01,18.07,2.8942531046041373,15.242346938775508,0.1418670896818756,13.799166666666666,2.195219841272214,26.196,1987,1,1980,Oil shock era
1987-02-01,17.25,2.847812143477369,-4.537908135030444,-0.0464409611267684,13.909999999999998,2.340780755528932,25.945666666666668,1987,2,1980,Oil shock era
1987-03-01,17.75,2.8763855159214247,2.898550724637672,0.0285733724440557,14.335,2.5452683373449974,25.738666666666667,1987,3,1980,Oil shock era
1987-04-01,17.9,2.884800712846709,0.8450704225352101,0.0084151969252843,14.835,2.6119010840243044,25.51083333333333,1987,4,1980,Oil shock era
1987-05-01,18.4,2.91235066461494,2.793296089385477,0.0275499517682309,15.225,2.7746105377807,25.26683333333333,1987,5,1980,Oil shock era
1987-06-01,18.72,2.929592471049446,1.7391304347826209,0.0172418064345061,15.7975,2.7232070832351134,25.032666666666668,1987,6,1980,Oil shock era
1987-07-01,19.62,2.976549454137217,4.807692307692313,0.0469569830877709,16.63083333333333,2.1254110119449967,24.811,1987,7,1980,Oil shock era
1987-08-01,18.82,2.9349201341572337,-4.07747196738023,-0.0416293199799833,17.0575,1.993380522903492,24.584333333333333,1987,8,1980,Oil shock era
1987-09-01,18.28,2.905807566026004,-2.869287991498404,-0.0291125681312296,17.407500000000002,1.780404065476074,24.331166666666665,1987,9,1980,Oil shock era
1987-10-01,18.57,2.9215473753646144,1.5864332603938711,0.0157398093386103,17.7925,1.429768735272855,24.077666666666666,1987,10,1980,Oil shock era
1987-11-01,17.75,2.8763855159214247,-4.41572428648358,-0.0451618594431897,18.0675,0.9727479819376368,23.826,1987,11,1980,Oil shock era
1987-12-01,16.63,2.811208293204836,-6.309859154929587,-0.0651772227165885,18.146666666666665,0.7804233505352822,23.578666666666667,1987,12,1980,Oil shock era
1988-01-01,16.47,2.8015405441895487,-0.9621166566446182,-0.0096677490152874,18.013333333333332,0.9190739740070316,23.34233333333333,1988,1,1980,Oil shock era
1988-02-01,15.85,2.763169500323289,-3.76442015786278,-0.0383710438662592,17.896666666666665,1.096509613880991,23.12133333333333,1988,2,1980,Oil shock era
1988-03-01,14.78,2.6932749155200555,-6.750788643533124,-0.0698945848032339,17.649166666666666,1.4200733549128497,22.895666666666667,1988,3,1980,Oil shock era
1988-04-01,16.47,2.8015405441895487,11.434370771312574,0.1082656286694931,17.529999999999998,1.4566399692443228,22.67533333333333,1988,4,1980,Oil shock era
1988-05-01,16.22,2.7862450486872667,-1.5179113539769309,-0.0152954955022819,17.348333333333333,1.474108873081317,22.45633333333333,1988,5,1980,Oil shock era
1988-06-01,15.33,2.7298116928837226,-5.487053020961774,-0.0564333558035441,17.065833333333334,1.5116965684791424,22.212333333333333,1988,6,1980,Oil shock era
1988-07-01,14.48,2.6727683869575705,-5.544683626875402,-0.0570433059261521,16.6375,1.4490945448796964,21.945833333333333,1988,7,1980,Oil shock era
1988-08-01,14.55,2.677590993617501,0.4834254143646355,0.004822606659931,16.281666666666666,1.3873967338039208,21.6775,1988,8,1980,Oil shock era
1988-09-01,13.1,2.5726122302071057,-9.965635738831624,-0.1049787634103958,15.85,1.5095815193743098,21.39466666666667,1988,9,1980,Oil shock era
1988-10-01,12.18,2.4997952622817508,-7.022900763358775,-0.0728169679253549,15.3175,1.5878809492814592,21.104,1988,10,1980,Oil shock era
1988-11-01,12.53,2.528125768907977,2.873563218390806,0.0283305066262262,14.8825,1.5758814272423372,20.826666666666668,1988,11,1980,Oil shock era
1988-12-01,14.65,2.6844403354630764,16.91939345570632,0.1563145665550993,14.7175,1.476821679393739,20.590666666666664,1988,12,1980,Oil shock era
1989-01-01,16.48,2.8021475244813256,12.491467576791804,0.1177071890182492,14.718333333333334,1.477902895895749,20.38133333333333,1989,1,1980,Oil shock era
1989-02-01,16.35,2.7942278973432626,-0.7888349514563076,-0.007919627138063,14.76,1.5191804010416814,20.167166666666667,1989,2,1980,Oil shock era
1989-03-01,18.03,2.8920370372152258,10.275229357798166,0.0978091398719631,15.030833333333334,1.7888363832560776,19.9755,1989,3,1980,Oil shock era
1989-04-01,19.2,2.954910279033736,6.489184692179695,0.0628732418185102,15.258333333333333,2.129638609262306,19.802666666666667,1989,4,1980,Oil shock era
1989-05-01,18.02,2.891482252180192,-6.145833333333329,-0.0634280268535443,15.408333333333331,2.2627611183657814,19.612,1989,5,1980,Oil shock era
1989-06-01,17.63,2.869601996409779,-2.164261931187572,-0.0218802557704127,15.6,2.351204720215516,19.421666666666667,1989,6,1980,Oil shock era
1989-07-01,17.67,2.871868286331605,0.2268859897901487,0.0022662899218262,15.865833333333336,2.3930256934886973,19.249666666666663,1989,7,1980,Oil shock era
1989-08-01,16.88,2.826129489167811,-4.47085455574422,-0.0457387971637941,16.06,2.370979851147105,19.0615,1989,8,1980,Oil shock era
1989-09-01,17.67,2.871868286331605,4.6800947867298825,0.0457387971637941,16.440833333333334,2.214150599843647,18.8835,1989,9,1980,Oil shock era
1989-10-01,18.42,2.913437030827161,4.244482173174879,0.0415687444955557,16.960833333333333,1.8202070728021291,18.726333333333336,1989,10,1980,Oil shock era
1989-11-01,18.37,2.9107188992270343,-0.2714440825190012,-0.0027181316001265,17.4475,1.2043868677766472,18.571666666666665,1989,11,1980,Oil shock era
1989-12-01,19.35,2.962692419475791,5.334784975503548,0.0519735202487567,17.839166666666667,0.9490996531003856,18.447333333333336,1989,12,1980,Oil shock era
1990-01-01,20.35,3.013080911888604,5.167958656330751,0.050388492412813,18.161666666666665,1.092019258349498,18.342666666666663,1990,1,1990,Oil shock era
1990-02-01,19.6,2.975529566236472,-3.685503685503688,-0.0375513456521323,18.4325,1.0010914498232537,18.209333333333333,1990,2,1990,Oil shock era
1990-03-01,18.22,2.902519891831812,-7.04081632653063,-0.0730096744046595,18.44833333333333,0.9956344102068854,18.04883333333333,1990,3,1990,Oil shock era
1990-04-01,16.55,2.806386101823072,-9.16575192096596,-0.0961337900087402,18.227500000000003,1.1019662179280605,17.86133333333333,1990,4,1990,Oil shock era
1990-05-01,16.58,2.8081971497071487,0.1812688821752228,0.0018110478840767,18.1075,1.200606854129171,17.693500000000004,1990,5,1990,Oil shock era
1990-06-01,15.27,2.725890119230541,-7.901085645355844,-0.0823070304766075,17.910833333333333,1.452749483085843,17.5085,1990,6,1990,Oil shock era
1990-07-01,17.17,2.843163674909384,12.442698100851343,0.1172735556788429,17.86916666666667,1.4673814546100328,17.355000000000004,1990,7,1990,Oil shock era
1990-08-01,26.4,3.2733640101522705,53.7565521258008,0.4302003352428865,18.6625,2.8272927140480566,17.34466666666667,1990,8,1990,Oil shock era
1990-09-01,32.7,3.487375077903208,23.86363636363637,0.2140110677509374,19.915000000000003,4.909829658219055,17.44,1990,9,1990,Oil shock era
1990-10-01,34.5,3.5409593240373143,5.504587155963292,0.0535842461341062,21.255,6.425168551025809,17.551333333333332,1990,10,1990,Oil shock era
1990-11-01,31.08,3.436564525499447,-9.913043478260876,-0.1043947985378674,22.314166666666665,6.933817600366462,17.592666666666666,1990,11,1990,Oil shock era
1990-12-01,26.13,3.263084079532521,-15.926640926640925,-0.1734804459669257,22.879166666666663,6.946547158426453,17.586499999999997,1990,12,1990,Oil shock era
1991-01-01,22.58,3.117064558721516,-13.585916570991197,-0.1460195208110053,23.065,6.902424475237948,17.5515,1991,1,1990,Oil shock era
1991-02-01,18.13,2.8975680247667595,-19.707705934455262,-0.2194965339547563,22.9425,6.982094144049037,17.58833333333333,1991,2,1990,Oil shock era
1991-03-01,18.07,2.8942531046041373,-0.3309431880860414,-0.0033149201626221,22.930000000000003,6.991445422150509,17.678666666666665,1991,3,1990,Oil shock era
1991-04-01,18.47,2.9161477942111484,2.2136137244050724,0.0218946896070111,23.09,6.852759231937841,17.788166666666665,1991,4,1990,Oil shock era
1991-05-01,18.82,2.9349201341572337,1.8949648077964287,0.0187723399460852,23.276666666666667,6.687832008184505,17.87316666666667,1991,5,1990,Oil shock era
1991-06-01,17.93,2.8864752876170416,-4.72901168969182,-0.0484448465401921,23.49833333333333,6.437733696846692,17.9745,1991,6,1990,Oil shock era
1991-07-01,19.05,2.94706710157271,6.246514221974353,0.0605918139556682,23.655,6.2909307014868086,18.131666666666668,1991,7,1990,Oil shock era
1991-08-01,19.37,2.963725477418905,1.6797900262467191,0.0166583758461946,23.069166666666664,6.339211964695102,18.226166666666664,1991,8,1990,Oil shock era
1991-09-01,20.05,2.998229153752578,3.510583376355192,0.0345036763336734,22.015,5.600883858820873,18.325666666666667,1991,9,1990,Oil shock era
1991-10-01,21.47,3.0666566118906897,7.082294264339151,0.0684274581381116,20.929166666666667,3.992519046082749,18.451,1991,10,1990,Oil shock era
1991-11-01,20.77,3.033509637888021,-3.260363297624591,-0.0331469740026686,20.07,2.402086214484889,18.55633333333333,1991,11,1990,Oil shock era
1991-12-01,17.75,2.8763855159214247,-14.540202214732789,-0.1571241219665964,19.371666666666663,1.545579228482094,18.59083333333333,1991,12,1990,Oil shock era
1992-01-01,17.38,2.8553201198372458,-2.084507042253525,-0.0210653960841789,18.938333333333333,1.2683907724022982,18.57933333333333,1992,1,1990,Oil shock era
1992-02-01,17.62,2.869034620508033,1.3808975834292303,0.0137145006707877,18.89583333333333,1.3059267578887583,18.5855,1992,2,1990,Oil shock era
1992-03-01,17.45,2.859339648648436,-0.9648127128263462,-0.0096949718595973,18.84416666666667,1.3529863154138388,18.5805,1992,3,1990,Oil shock era
1992-04-01,18.63,2.924773184613497,6.76217765042979,0.0654335359650608,18.8575,1.3497482930330384,18.592666666666663,1992,4,1990,Oil shock era
1992-05-01,19.5,2.970414465569701,4.669887278582929,0.0456412809562039,18.914166666666667,1.362247196452454,18.611,1992,5,1990,Oil shock era
1992-06-01,20.83,3.0363942552728806,6.820512820512814,0.0659797897031797,19.155833333333334,1.4274545579988391,18.646166666666662,1992,6,1990,Oil shock era
1992-07-01,20.17,3.004196351966121,-3.1685069611137595,-0.03219790330676,19.249166666666667,1.456230865396514,18.65533333333333,1992,7,1990,Oil shock era
1992-08-01,19.62,2.976549454137217,-2.72682201289044,-0.0276468978289035,19.27,1.4599003701997055,18.66866666666667,1992,8,1990,Oil shock era
1992-09-01,20.15,3.003204288392692,2.701325178389391,0.0266548342554746,19.27833333333333,1.4650338707430584,18.69983333333333,1992,9,1990,Oil shock era
1992-10-01,20.08,2.9997242948235283,-0.3473945409429246,-0.0034799935691633,19.1625,1.3241747000920168,18.725,1992,10,1990,Oil shock era
1992-11-01,18.88,2.9381031607173544,-5.976095617529875,-0.0616211341061738,19.005,1.2242214594665166,18.74383333333333,1992,11,1990,Oil shock era
1992-12-01,17.93,2.8864752876170416,-5.0317796610169445,-0.0516278731003128,19.02,1.2084475390125964,18.7655,1992,12,1990,Oil shock era
1993-01-01,17.22,2.846071498999585,-3.95984383714445,-0.040403788617457,19.006666666666668,1.2288970171613345,18.778,1993,1,1990,Oil shock era
1993-02-01,18.17,2.89977188240808,5.516840882694551,0.0537003834084952,19.0525,1.1818331292761646,18.816666666666663,1993,2,1990,Oil shock era
1993-03-01,18.47,2.9161477942111484,1.651073197578401,0.0163759118030686,19.1375,1.0891458287868443,18.87816666666667,1993,3,1990,Oil shock era
1993-04-01,18.43,2.913979771681732,-0.2165674066053058,-0.0021680225294167,19.120833333333334,1.0991025953711788,18.910833333333333,1993,4,1990,Oil shock era
1993-05-01,18.17,2.89977188240808,-1.4107433532284164,-0.0142078892736519,19.01,1.1241643360939717,18.94333333333333,1993,5,1990,Oil shock era
1993-06-01,17.47,2.860485124145965,-3.8525041276830096,-0.0392867582621145,18.73,1.045318568232218,18.979,1993,6,1990,Oil shock era
1993-07-01,16.32,2.792391349535961,-6.582713222667424,-0.0680937746100043,18.409166666666668,1.1488686793643503,19.009666666666664,1993,7,1990,Oil shock era
1993-08-01,16.48,2.8021475244813256,0.9803921568627416,0.0097561749453647,18.1475,1.2042660911036067,19.041833333333333,1993,8,1990,Oil shock era
1993-09-01,15.9,2.766319109226186,-3.5194174757281598,-0.0358284152551395,17.793333333333333,1.1866249567065947,19.088500000000003,1993,9,1990,Oil shock era
1993-10-01,16.52,2.804571768092832,3.899371069182389,0.038252658866646,17.496666666666666,0.9920257816787272,19.160833333333336,1993,10,1990,Oil shock era
1993-11-01,15.2,2.7212954278522306,-7.990314769975793,-0.0832763402406016,17.19,1.0895286720747024,19.20533333333333,1993,11,1990,Oil shock era
1993-12-01,13.77,2.6224923127405635,-9.407894736842104,-0.098803115111667,16.843333333333334,1.4385746312573102,19.19066666666667,1993,12,1990,Oil shock era
1994-01-01,14.13,2.6483001966964363,2.614379084967333,0.0258078839558728,16.585833333333333,1.628973231173221,19.1515,1994,1,1990,Oil shock era
1994-02-01,13.78,2.6232182655855123,-2.4769992922859307,-0.025081931110924,16.220000000000002,1.7306383478096246,19.108666666666668,1994,2,1990,Oil shock era
1994-03-01,13.62,2.611539300721366,-1.1611030478955064,-0.0116789648641462,15.815833333333332,1.7237246053681696,19.03516666666667,1994,3,1990,Oil shock era
1994-04-01,15.08,2.71336936257981,10.719530102790031,0.1018300618584437,15.536666666666669,1.521239526494705,18.9665,1994,4,1990,Oil shock era
1994-05-01,16.28,2.7899373605743945,7.957559681697623,0.0765679979945845,15.379166666666665,1.306497457349513,18.9375,1994,5,1990,Oil shock era
1994-06-01,17.17,2.843163674909384,5.466830466830475,0.0532263143349895,15.354166666666666,1.2650652755946188,18.92983333333333,1994,6,1990,Oil shock era
1994-07-01,17.88,2.883682769745368,4.135119394292364,0.0405190948359841,15.484166666666669,1.4412271181395189,18.933333333333334,1994,7,1990,Oil shock era
1994-08-01,17.0,2.833213344056216,-4.921700223713643,-0.050469425689152,15.527500000000002,1.48115510819954,18.93533333333333,1994,8,1990,Oil shock era
1994-09-01,16.2,2.785011242238338,-4.705882352941182,-0.0482021018178779,15.5525,1.4905162314996012,18.910833333333333,1994,9,1990,Oil shock era
1994-10-01,16.47,2.8015405441895487,1.6666666666666607,0.0165293019512104,15.548333333333334,1.4876328563028085,18.87833333333333,1994,10,1990,Oil shock era
1994-11-01,17.08,2.837908188360424,3.703703703703698,0.0363676441708751,15.704999999999998,1.5454831548154506,18.85683333333333,1994,11,1990,Oil shock era
1994-12-01,15.94,2.768831673362069,-6.674473067915687,-0.0690765149983549,15.885833333333336,1.4203806041361575,18.8,1994,12,1990,Oil shock era
1995-01-01,16.9,2.827313621929028,6.022584692597244,0.0584819485669587,16.116666666666664,1.3313856987319694,18.7425,1995,1,1990,Oil shock era
1995-02-01,17.42,2.857618971424357,3.076923076923088,0.0303053494953293,16.419999999999998,1.1533744956746976,18.706166666666665,1995,2,1990,Oil shock era
1995-03-01,17.35,2.8535925063928684,-0.4018369690011458,-0.0040264650314885,16.730833333333333,0.7686169199914265,18.691666666666663,1995,3,1990,Oil shock era
1995-04-01,18.65,2.9258461460898246,7.492795389048967,0.0722536396969562,17.028333333333332,0.7624342992062989,18.726666666666667,1995,4,1990,Oil shock era
1995-05-01,18.42,2.913437030827161,-1.2332439678284013,-0.0124091152626637,17.206666666666667,0.8196155787744882,18.75733333333333,1995,5,1990,Oil shock era
1995-06-01,17.36,2.854168709232204,-5.754614549402836,-0.0592683215949567,17.2225,0.8206773809704434,18.792166666666667,1995,6,1990,Oil shock era
1995-07-01,16.08,2.77757626375082,-7.3732718894009235,-0.076592445481384,17.072499999999998,0.8534222550734698,18.774,1995,7,1990,Oil shock era
1995-08-01,16.47,2.8015405441895487,2.425373134328357,0.0239642804387285,17.028333333333332,0.8710477842371125,18.6085,1995,8,1990,Oil shock era
1995-09-01,16.82,2.822568654544802,2.1250758955677185,0.0210281103552532,17.08,0.835093897823448,18.343833333333333,1995,9,1990,Oil shock era
1995-10-01,16.12,2.7800607370784824,-4.161712247324612,-0.0425079174663194,17.050833333333333,0.8639492654858121,18.0375,1995,10,1990,Oil shock era
1995-11-01,16.74,2.817801065061329,3.846153846153833,0.0377403279828465,17.022499999999997,0.8684691338002616,17.798499999999997,1995,11,1990,Oil shock era
1995-12-01,17.87,2.8831233291713367,6.750298685782563,0.0653222641100077,17.183333333333334,0.827519110829485,17.660833333333336,1995,12,1990,Oil shock era
1996-01-01,17.8,2.87919845729804,-0.3917179630665957,-0.0039248718732971,17.258333333333336,0.8401929792758247,17.581166666666665,1996,1,1990,Oil shock era
1996-02-01,17.7,2.873564639579784,-0.5617977528090012,-0.0056338177182562,17.281666666666666,0.8489333771197967,17.574,1996,2,1990,Oil shock era
1996-03-01,19.4,2.9652730660692823,9.604519774011289,0.0917084264894989,17.4525,1.047074930027004,17.596166666666665,1996,3,1990,Oil shock era
1996-04-01,20.66,3.0281994636914926,6.494845360824741,0.0629263976222103,17.62,1.3677253844514534,17.63266666666667,1996,4,1990,Oil shock era
1996-05-01,19.06,2.947591898226056,-7.744433688286556,-0.0806075654654367,17.673333333333336,1.4134698333169755,17.636666666666663,1996,5,1990,Oil shock era
1996-06-01,18.51,2.9183111265854063,-2.885624344176274,-0.0292807716406495,17.769166666666667,1.4291921324704049,17.646333333333335,1996,6,1990,Oil shock era
1996-07-01,19.59,2.975019231956449,5.834683954619124,0.0567081053710429,18.061666666666667,1.4111235583639918,17.65533333333333,1996,7,1990,Oil shock era
1996-08-01,20.44,3.017493765335504,4.338948443083224,0.0424745333790546,18.3925,1.4682588637257583,17.673166666666663,1996,8,1990,Oil shock era
1996-09-01,22.26,3.102791345847399,8.904109589041088,0.0852975805118951,18.84583333333333,1.7511630334429584,17.71,1996,9,1990,Oil shock era
1996-10-01,23.61,3.1616703510974213,6.064690026954178,0.0588790052500223,19.47,2.0073591878612795,17.74566666666667,1996,10,1990,Oil shock era
1996-11-01,22.39,3.108614430610664,-5.167301990681905,-0.053055920486758,19.94083333333333,1.9711024065151697,17.77266666666667,1996,11,1990,Oil shock era
1996-12-01,23.62,3.1620938107692163,5.493523894595809,0.0534793801585529,20.42,2.115535608088674,17.8705,1996,12,1990,Oil shock era
1997-01-01,23.23,3.145444546782318,-1.651143099068586,-0.0166492639868982,20.8725,2.084684955487658,17.968,1997,1,1990,Oil shock era
1997-02-01,20.42,3.01651481273652,-12.09642703400774,-0.1289297340457982,21.099166666666665,1.8421452826594489,18.014666666666667,1997,2,1990,Oil shock era
1997-03-01,19.33,2.9616582932202395,-5.337904015670924,-0.0548565195162802,21.093333333333334,1.8481161579656056,18.046,1997,3,1990,Oil shock era
1997-04-01,17.88,2.883682769745368,-7.501293326435587,-0.0779755234748713,20.861666666666668,2.0684769686165674,18.0335,1997,4,1990,Oil shock era
1997-05-01,19.37,2.963725477418905,8.333333333333348,0.0800427076735363,20.8875,2.045741141538204,18.031333333333336,1997,5,1990,Oil shock era
1997-06-01,17.92,2.8859174075467844,-7.485802787816209,-0.0778080698721201,20.83833333333333,2.1140260312035597,17.982833333333335,1997,6,1990,Oil shock era
1997-07-01,18.33,2.9085390618516134,2.287946428571419,0.0226216543048289,20.73333333333333,2.210743738832724,17.952166666666667,1997,7,1990,Oil shock era
1997-08-01,18.7,2.928523523860541,2.0185488270594742,0.0199844620089275,20.58833333333333,2.2874631972532558,17.936833333333333,1997,8,1990,Oil shock era
1997-09-01,18.66,2.926382195419198,-0.2139037433155022,-0.0021413284413429,20.28833333333333,2.2843611931142283,17.911999999999995,1997,9,1990,Oil shock era
1997-10-01,20.04,2.997730276216664,7.395498392282951,0.071348080797466,19.99083333333333,2.0308415556715937,17.911333333333335,1997,10,1990,Oil shock era
1997-11-01,19.09,2.949164637737656,-4.740518962075846,-0.0485656384790078,19.71583333333333,1.8953409783578812,17.914833333333334,1997,11,1990,Oil shock era
1997-12-01,17.09,2.8384934971274998,-10.476689366160295,-0.1106711406101568,19.171666666666667,1.5844289670147176,17.90083333333333,1997,12,1990,Oil shock era
1998-01-01,15.0,2.70805020110221,-12.229373902867168,-0.1304432960252892,18.48583333333333,1.4429418077684963,17.863833333333332,1998,1,1990,Oil shock era
1998-02-01,14.1,2.6461747973841225,-6.000000000000005,-0.0618754037180875,17.959166666666665,1.78551982923915,17.796,1998,2,1990,Oil shock era
1998-03-01,13.12,2.574137783515943,-6.950354609929077,-0.0720370138681794,17.441666666666666,2.203170580336605,17.706833333333332,1998,3,1990,Oil shock era
1998-04-01,13.5,2.602689685444384,2.8963414634146423,0.0285519019284405,17.076666666666664,2.4705440451018075,17.624666666666666,1998,4,1990,Oil shock era
1998-05-01,14.03,2.6411978941143697,3.9259259259259114,0.0385082086699859,16.631666666666664,2.50065385388898,17.555666666666664,1998,5,1990,Oil shock era
1998-06-01,12.48,2.524127362941281,-11.047754811119026,-0.1170705311730881,16.17833333333333,2.728575496925886,17.4725,1998,6,1990,Oil shock era
1998-07-01,12.7,2.5416019934645457,1.7628205128205066,0.0174746305232642,15.709166666666668,2.807847633568002,17.412166666666668,1998,7,1990,Oil shock era
1998-08-01,12.49,2.5249283241374862,-1.6535433070866024,-0.0166736693270594,15.191666666666668,2.778625668574428,17.345666666666666,1998,8,1990,Oil shock era
1998-09-01,13.8,2.624668592163159,10.488390712570062,0.0997402680256729,14.786666666666669,2.573774495078234,17.310666666666666,1998,9,1990,Oil shock era
1998-10-01,13.26,2.5847519847577165,-3.91304347826088,-0.0399166074054426,14.221666666666666,1.994765118701432,17.256333333333334,1998,10,1990,Oil shock era
1998-11-01,11.88,2.474856313934499,-10.407239819004522,-0.1098956708232177,13.620833333333335,1.3889398071474637,17.201,1998,11,1990,Oil shock era
1998-12-01,10.41,2.342766882626877,-12.37373737373738,-0.1320894313076213,13.064166666666669,1.1975919652166795,17.145,1998,12,1990,Oil shock era
1999-01-01,11.44,2.437115985951652,9.894332372718528,0.0943491033247743,12.7675,1.1123613294576336,17.100166666666667,1999,1,1990,Oil shock era
1999-02-01,10.75,2.374905754573672,-6.031468531468532,-0.0622102313779802,12.488333333333337,1.1665943700543238,17.049666666666667,1999,2,1990,Oil shock era
1999-03-01,13.17,2.5779415157551897,22.511627906976734,0.2030357611815181,12.4925,1.1691420708443443,17.042166666666667,1999,3,1990,Oil shock era
1999-04-01,15.87,2.7644305345383176,20.501138952164013,0.1864890187831278,12.69,1.506356229750823,17.055333333333333,1999,4,1990,Oil shock era
1999-05-01,16.06,2.776331708518616,1.1972274732199084,0.0119011739802981,12.859166666666669,1.762696582632493,17.051666666666666,1999,5,1990,Oil shock era
1999-06-01,16.39,2.7966713927557385,2.0547945205479534,0.0203396842371228,13.185000000000002,2.027696857386375,17.038666666666664,1999,6,1990,Oil shock era
1999-07-01,18.99,2.9439125248241944,15.863331299572891,0.1472411320684559,13.709166666666668,2.6179952716581227,17.057166666666667,1999,7,1990,Oil shock era
1999-08-01,20.27,3.0091419604639085,6.740389678778302,0.065229435639714,14.3575,3.1895714303164566,17.111666666666668,1999,8,1990,Oil shock era
1999-09-01,22.7,3.122364924487357,11.988159842131218,0.1132229640234485,15.099166666666669,3.9839757628263697,17.220000000000002,1999,9,1990,Oil shock era
1999-10-01,21.95,3.08876713952118,-3.3039647577092546,-0.0335977849661768,15.823333333333332,4.388529124751022,17.311333333333334,1999,10,1990,Oil shock era
1999-11-01,24.16,3.184698373066614,10.068337129840543,0.0959312335454338,16.846666666666668,4.798055161555925,17.429333333333332,1999,11,1990,Oil shock era
1999-12-01,25.1,3.2228678461377385,3.890728476821193,0.0381694730711243,18.070833333333333,4.879814561181122,17.581999999999997,1999,12,1990,Oil shock era
2000-01-01,25.31,3.2311995745570328,0.8366533864541781,0.0083317284192943,19.226666666666667,4.808559287795315,17.722166666666666,2000,1,2000,Oil shock era
2000-02-01,27.22,3.30395199722332,7.546424338206248,0.0727524226662872,20.599166666666665,4.510382887059476,17.885499999999997,2000,2,2000,Oil shock era
2000-03-01,27.49,3.3138223021771545,0.9919177075679686,0.0098703049538344,21.7925,4.25314455860177,18.0545,2000,3,2000,Oil shock era
2000-04-01,23.47,3.1557230098629323,-14.623499454347034,-0.1580992923142221,22.425833333333333,3.8365028069687375,18.134833333333333,2000,4,2000,Oil shock era
2000-05-01,27.19,3.3028492586443794,15.850021303792094,0.1471262487814471,23.35333333333333,3.487075704612275,18.281,2000,5,2000,Oil shock era
2000-06-01,29.62,3.3884498088396526,8.93710923133504,0.0856005501952732,24.45583333333333,3.1616119546072383,18.485333333333333,2000,6,2000,Oil shock era
2000-07-01,28.18,3.3386125064705343,-4.861580013504396,-0.0498373023691183,25.221666666666668,2.810851806621641,18.687,2000,7,2000,Oil shock era
2000-08-01,29.26,3.3762213955919784,3.8325053229240735,0.0376088891214441,25.97083333333333,2.5577669889372743,18.900166666666667,2000,8,2000,Oil shock era
2000-09-01,32.08,3.4682327829983137,9.637730690362268,0.0920113874063353,26.7525,2.88026869011782,19.1545,2000,9,2000,Oil shock era
2000-10-01,31.4,3.446807892914208,-2.1197007481296715,-0.021424890084106,27.54,2.7361020714613065,19.409166666666668,2000,10,2000,Oil shock era
2000-11-01,32.33,3.475995591737341,2.9617834394904508,0.0291876988231338,28.22083333333333,2.833341934033348,19.669,2000,11,2000,Oil shock era
2000-12-01,25.2,3.226843994517377,-22.05381998144138,-0.249151597219964,28.229166666666668,2.823458415532756,19.791166666666665,2000,12,2000,Oil shock era
2001-01-01,25.96,3.2565568918358894,3.015873015873028,0.0297128973185119,28.28333333333333,2.768055876122021,19.927166666666665,2001,1,2000,Oil shock era
2001-02-01,27.24,3.3046864812813115,4.930662557781185,0.0481295894454221,28.285,2.7673633660942176,20.086166666666667,2001,2,2000,Oil shock era
2001-03-01,25.02,3.219675505038765,-8.149779735682817,-0.0850109762425463,28.079166666666666,2.919543732513853,20.17983333333333,2001,3,2000,Oil shock era
2001-04-01,25.72,3.2472688993694185,2.797761790567544,0.0275933943306534,28.266666666666666,2.657074034392482,20.264166666666664,2001,4,2000,Oil shock era
2001-05-01,27.55,3.316002535598924,7.11508553654745,0.068733636229505,28.296666666666667,2.645821176302362,20.405666666666665,2001,5,2000,Oil shock era
2001-06-01,26.97,3.2947251371516386,-2.1052631578947434,-0.0212773984472849,28.07583333333333,2.635900599358269,20.546666666666667,2001,6,2000,Oil shock era
2001-07-01,24.8,3.210843653170937,-8.045977011494243,-0.083881483980702,27.794166666666666,2.799283864047278,20.6335,2001,7,2000,Oil shock era
2001-08-01,25.82,3.2511493854184965,4.112903225806441,0.0403057322475599,27.5075,2.8116385549420584,20.723166666666668,2001,8,2000,Oil shock era
2001-09-01,25.21,3.2272407411998283,-2.3625096824167247,-0.0239086442186682,26.935,2.475261235065599,20.77233333333333,2001,9,2000,Oil shock era
2001-10-01,20.73,3.0315819264476884,-17.77072590241967,-0.1956588147521398,26.04583333333333,2.636707514145586,20.72433333333333,2001,10,2000,Oil shock era
2001-11-01,18.69,2.927988621467472,-9.840810419681612,-0.1035933049802166,24.909166666666664,2.6213787431715745,20.662666666666667,2001,11,2000,Oil shock era
2001-12-01,18.52,2.918851229218033,-0.9095773140717078,-0.0091373922494386,24.352500000000003,3.1995202055081324,20.577666666666666,2001,12,2000,Oil shock era
2002-01-01,19.15,2.952302715626655,3.4017278617710422,0.0334514864086217,23.785,3.480118858994261,20.509666666666668,2002,1,2000,Oil shock era
2002-02-01,19.98,2.9947317732204075,4.334203655352487,0.0424290575937527,23.180000000000003,3.455854058366398,20.502333333333336,2002,2,2000,Oil shock era
2002-03-01,23.64,3.162940192537897,18.318318318318315,0.1682084193174899,23.065,3.411737760358316,20.574166666666667,2002,3,2000,Oil shock era
2002-04-01,25.43,3.2359295794340284,7.571912013536375,0.0729893868961308,23.04083333333333,3.39219279665782,20.7,2002,4,2000,Oil shock era
2002-05-01,25.67,3.245322994883049,0.9437672040896627,0.0093934154490207,22.88416666666667,3.20315315767376,20.805000000000003,2002,5,2000,Oil shock era
2002-06-01,24.49,3.1982648709640764,-4.596805609661092,-0.0470581239189726,22.6775,2.988374824366802,20.9145,2002,6,2000,Oil shock era
2002-07-01,25.75,3.248434627109745,5.144957125357297,0.0501697561456686,22.756666666666664,3.0614058960886394,21.03816666666667,2002,7,2000,Oil shock era
2002-08-01,26.78,3.287655340263026,4.000000000000004,0.0392207131532815,22.83666666666667,3.1596988732626405,21.172833333333337,2002,8,2000,Oil shock era
2002-09-01,28.28,3.342154841028372,5.601194921583264,0.0544995007653454,23.0925,3.4776222937780426,21.333166666666667,2002,9,2000,Oil shock era
2002-10-01,27.53,3.315276319154516,-2.6520509193776465,-0.026878521873856,23.659166666666664,3.609193962729949,21.458,2002,10,2000,Oil shock era
2002-11-01,24.54,3.2003044392827653,-10.860879041046134,-0.1149718798717507,24.146666666666665,3.2546535448446687,21.54883333333333,2002,11,2000,Oil shock era
2002-12-01,27.89,3.3282682016393976,13.65118174409128,0.1279637623566323,24.9275,2.885027571949596,21.72883333333333,2002,12,2000,Oil shock era
2003-01-01,30.75,3.4258899942525267,10.2545715310147,0.097621792613129,25.894166666666667,2.711354771506306,21.991333333333333,2003,1,2000,Oil shock era
2003-02-01,32.88,3.492864570187979,6.926829268292689,0.0669745759354523,26.969166666666663,2.710633801541801,22.30433333333333,2003,2,2000,Oil shock era
2003-03-01,30.36,3.4131259525274293,-7.664233576642343,-0.0797386176605496,27.52916666666667,2.6538838034896357,22.591666666666665,2003,3,2000,Oil shock era
2003-04-01,25.56,3.241028629509334,-15.810276679841897,-0.1720973230180953,27.540000000000003,2.6447856073964253,22.792666666666666,2003,4,2000,Oil shock era
2003-05-01,26.06,3.260401571696699,1.9561815336463173,0.0193729421873651,27.5725,2.622015619536101,22.993166666666664,2003,5,2000,Oil shock era
2003-06-01,27.92,3.329343277894172,7.1373752877974095,0.0689417061974726,27.85833333333333,2.435778140864955,23.2505,2003,6,2000,Oil shock era
2003-07-01,28.59,3.3530570063342204,2.399713467048703,0.0237137284400485,28.095,2.3487191867446,23.51533333333333,2003,7,2000,Oil shock era
2003-08-01,29.68,3.39047341829918,3.812521860790485,0.0374164119649593,28.33666666666667,2.3503088127205585,23.80183333333333,2003,8,2000,Oil shock era
2003-09-01,26.88,3.2913825156549485,-9.433962264150942,-0.0990909026442312,28.22,2.387825180139763,24.01983333333333,2003,9,2000,Oil shock era
2003-10-01,29.01,3.367640598133313,7.924107142857162,0.0762580824783643,28.343333333333334,2.387167714462078,24.28233333333333,2003,10,2000,Oil shock era
2003-11-01,29.12,3.3714252233284854,0.379179593243717,0.0037846251951725,28.725,2.068686451921619,24.569666666666667,2003,11,2000,Oil shock era
2003-12-01,29.97,3.400196881328572,2.9189560439560447,0.0287716580000862,28.898333333333337,2.0794747297131497,24.895666666666667,2003,12,2000,Oil shock era
2004-01-01,31.37,3.445852022202587,4.671338004671344,0.0456551408740151,28.950000000000003,2.136581807041857,25.22783333333333,2004,1,2000,Oil shock era
2004-02-01,31.33,3.4445761049641,-0.1275103602167759,-0.0012759172384866,28.820833333333336,1.9124969795976456,25.570833333333333,2004,2,2000,Oil shock era
2004-03-01,33.67,3.516607233172983,7.46887966804981,0.072031128208883,29.096666666666664,2.344557850672904,25.9125,2004,3,2000,Oil shock era
2004-04-01,33.71,3.5177945292459696,0.1188001188001219,0.0011872960729863,29.77583333333333,2.40654583974383,26.20983333333333,2004,4,2000,Oil shock era
2004-05-01,37.56,3.6259396543400624,11.420943340255118,0.1081451250940928,30.734166666666667,3.0071292814164154,26.568166666666663,2004,5,2000,Oil shock era
2004-06-01,35.54,3.570658822726505,-5.378061767838139,-0.0552808316135573,31.36916666666666,3.1595294768607607,26.88733333333333,2004,6,2000,Oil shock era
2004-07-01,37.89,3.634687225030509,6.61226786719189,0.0640284023040043,32.14416666666667,3.534233768914258,27.20233333333333,2004,7,2000,Oil shock era
2004-08-01,42.08,3.7395725684294554,11.05832673528635,0.1048853433989451,33.1775,4.443935857895735,27.56583333333333,2004,8,2000,Oil shock era
2004-09-01,41.6,3.728100167267218,-1.1406844106463754,-0.0114724011622366,34.40416666666667,4.577193380492558,27.88083333333333,2004,9,2000,OPEC overproduction
2004-10-01,46.88,3.8475911452687575,12.692307692307692,0.1194909780015396,35.89333333333334,5.480508160469283,28.296333333333333,2004,10,2000,OPEC overproduction
2004-11-01,42.13,3.740760075990925,-10.13225255972696,-0.106831069277832,36.9775,5.3027319288355175,28.59583333333333,2004,11,2000,OPEC overproduction
2004-12-01,39.04,3.664586761544892,-7.33444101590316,-0.0761733144460334,37.73333333333333,4.83925301022487,28.828166666666668,2004,12,2000,OPEC overproduction
2005-01-01,42.97,3.760502197786904,10.066598360655732,0.0959154362420116,38.7,4.605524350761307,29.1225,2005,1,2000,OPEC overproduction
2005-02-01,44.82,3.802654468372781,4.305329299511285,0.0421522705858774,39.82416666666666,4.277763770802301,29.41583333333333,2005,2,2000,OPEC overproduction
2005-03-01,50.94,3.930648469551311,13.654618473895574,0.1279940011785298,41.263333333333335,4.881555887090589,29.80666666666667,2005,3,2000,OPEC overproduction
2005-04-01,50.64,3.9247417778359206,-0.5889281507655997,-0.0059066917153902,42.67416666666667,4.946156374275772,30.2595,2005,4,2000,OPEC overproduction
2005-05-01,47.83,3.8676530576922055,-5.548973143759883,-0.0570887201437151,43.53,4.868708994459237,30.6035,2005,5,2000,OPEC overproduction
2005-06-01,53.89,3.9869449319454056,12.669872464980148,0.1192918742532,45.05916666666667,5.010687592687875,31.008,2005,6,2000,OPEC overproduction
2005-07-01,56.37,4.031937102093484,4.601966969753191,0.0449921701480784,46.59916666666666,5.429345278347682,31.477833333333333,2005,7,2000,OPEC overproduction
2005-08-01,61.89,4.12535861575127,9.792442788717404,0.0934215136577858,48.25,6.775218211849934,32.02166666666667,2005,8,2000,OPEC overproduction
2005-09-01,61.69,4.122121843221548,-0.323153982872848,-0.0032367725297222,49.92416666666667,7.432829460432956,32.515166666666666,2005,9,2000,OPEC overproduction
2005-10-01,58.19,4.063713518668578,-5.673528934997574,-0.0584083245529694,50.866666666666674,7.723128585716831,32.961666666666666,2005,10,2000,OPEC overproduction
2005-11-01,55.04,4.008060193625088,-5.413301254511083,-0.0556533250434903,51.9425,7.282059055714288,33.34016666666667,2005,11,2000,OPEC overproduction
2005-12-01,56.43,4.033000931981049,2.525436046511631,0.0249407383559612,53.39166666666666,6.118335830381884,33.86066666666667,2005,12,2000,OPEC overproduction
2006-01-01,62.46,4.134526351854933,10.68580542264752,0.1015254198738837,55.01583333333334,5.670841621573575,34.469,2006,1,2000,OPEC overproduction
2006-02-01,59.7,4.089332020398556,-4.418828049951962,-0.0451943314563765,56.255833333333335,4.798466532196265,35.01,2006,2,2000,OPEC overproduction
2006-03-01,60.93,4.109725664260403,2.060301507537688,0.0203936438618468,57.08833333333333,4.656873382106424,35.60850000000001,2006,3,2000,OPEC overproduction
2006-04-01,67.97,4.219066431358547,11.554242573444927,0.1093407670981436,58.5325,5.137680985531566,36.31266666666667,2006,4,2000,OPEC overproduction
2006-05-01,68.68,4.229458036029275,1.0445784905105393,0.0103916046707279,60.27,4.695789216270057,36.99816666666666,2006,5,2000,OPEC overproduction
2006-06-01,68.29,4.223763342972998,-0.5678509027373324,-0.0056946930562764,61.470000000000006,4.756725382407337,37.686833333333325,2006,6,2000,OPEC overproduction
2006-07-01,72.45,4.282896668766692,6.091667886952701,0.0591333257936934,62.81,5.409537032786895,38.481,2006,7,2000,OPEC overproduction
2006-08-01,71.81,4.2740237421222265,-0.8833678398895817,-0.0088729266444653,63.63666666666666,5.98366767024045,39.2475,2006,8,2000,OPEC overproduction
2006-09-01,62.12,4.129067998280486,-13.49394234786242,-0.1449557438417406,63.67250000000001,5.972226819354751,39.86266666666666,2006,9,2000,OPEC overproduction
2006-10-01,57.91,4.058890081237698,-6.777205408886033,-0.0701779170427876,63.64916666666667,5.996093362020192,40.48233333333334,2006,10,2000,OPEC overproduction
2006-11-01,58.14,4.06285389513073,0.3971680193403548,0.0039638138930317,63.9075,5.648143902686665,41.13983333333333,2006,11,2000,OPEC overproduction
2006-12-01,60.99,4.110709916308365,4.90196078431373,0.0478560211776351,64.28750000000001,5.237824192613694,41.84766666666666,2006,12,2000,OPEC overproduction
2007-01-01,53.52,3.980055415819973,-12.247909493359565,-0.1306545004883919,63.5425,6.088154108968288,42.4205,2007,1,2000,OPEC overproduction
2007-02-01,57.56,4.052827882019167,7.54857997010463,0.0727724661991935,63.36416666666667,6.240379444077307,43.04683333333333,2007,2,2000,OPEC overproduction
2007-03-01,60.6,4.104294893075269,5.281445448227928,0.0514670110561024,63.336666666666666,6.252796222975974,43.66283333333333,2007,3,2000,OPEC overproduction
2007-04-01,65.06,4.175309921045206,7.359735973597359,0.0710150279699366,63.094166666666666,6.111602168057739,44.32333333333334,2007,4,2000,OPEC overproduction
2007-05-01,65.16,4.176845783733844,0.1537042729787829,0.0015358626886383,62.80083333333334,5.899939072618296,44.9815,2007,5,2000,OPEC overproduction
2007-06-01,68.19,4.222297926532561,4.6500920810313096,0.0454521427987169,62.7925,5.891545753334886,45.709833333333336,2007,6,2000,OPEC overproduction
2007-07-01,73.6,4.298645025734831,7.933714620912147,0.0763470992022696,62.88833333333334,6.069581134766805,46.507333333333335,2007,7,2000,OPEC overproduction
2007-08-01,70.13,4.250350662548819,-4.714673913043477,-0.0482943631860113,62.748333333333335,5.860874637385911,47.22983333333333,2007,8,2000,OPEC overproduction
2007-09-01,76.76,4.340683671139499,9.453871381719669,0.0903330085906795,63.96833333333333,7.1090183868270005,48.03783333333333,2007,9,2000,OPEC overproduction
2007-10-01,81.97,4.406353326664939,6.787389265242294,0.0656696555254399,65.97333333333333,8.501528561311185,48.945166666666665,2007,10,2000,OPEC overproduction
2007-11-01,91.34,4.514588807756853,11.431011345614262,0.1082354810919143,68.74,10.809462184922738,50.0585,2007,11,2000,OPEC overproduction
2007-12-01,89.52,4.494462064003669,-1.9925552879351935,-0.0201267437531837,71.11749999999999,12.01969983364439,51.08566666666668,2007,12,2000,OPEC overproduction
2008-01-01,90.69,4.507447097459476,1.306970509383376,0.0129850334558065,74.215,11.860866517479083,52.08466666666666,2008,1,2000,OPEC overproduction
2008-02-01,93.39,4.536784273121627,2.9771749917300694,0.0293371756621505,77.20083333333334,11.796728713221102,53.09316666666667,2008,2,2000,OPEC overproduction
2008-03-01,101.84,4.623402954249151,9.048077952671596,0.0866186811275246,80.6375,12.506593261156366,54.2845,2008,3,2000,OPEC overproduction
2008-04-01,108.76,4.68914361976427,6.7949725058916055,0.0657406655151184,84.27916666666667,13.848660229477684,55.67116666666666,2008,4,2000,OPEC overproduction
2008-05-01,122.63,4.809171691773934,12.752850312614928,0.1200280720096644,89.06833333333333,16.347504025960344,57.28066666666667,2008,5,2000,OPEC overproduction
2008-06-01,131.52,4.87915893130787,7.249449563728305,0.069987239533936,94.34583333333336,19.001590583342534,59.007333333333335,2008,6,2000,OPEC overproduction
2008-07-01,132.83,4.8890701151444125,0.9960462287104566,0.0099111838365422,99.28166666666668,20.73634702349452,60.74466666666667,2008,7,2000,OPEC overproduction
2008-08-01,114.57,4.741185989905534,-13.746894526838826,-0.1478841252388782,102.985,18.948001333793936,62.1595,2008,8,2000,OPEC overproduction
2008-09-01,99.66,4.601764392853259,-13.01387797852841,-0.1394215970522756,104.89333333333332,17.1328988861321,63.3725,2008,9,2000,OPEC overproduction
2008-10-01,72.69,4.286203823496544,-27.062010836845275,-0.3155605693567143,104.12,18.42255879966936,64.1005,2008,10,2000,OPEC overproduction
2008-11-01,53.97,3.9884283366305513,-25.75319851423855,-0.297775486865993,101.00583333333331,23.293805441998927,64.51466666666667,2008,11,2000,OPEC overproduction
2008-12-01,41.34,3.7218305542536223,-23.401889938854914,-0.266597782376929,96.99083333333334,28.925075141988803,64.70416666666667,2008,12,2000,OPEC overproduction
2009-01-01,43.86,3.781002742989742,6.095791001451367,0.0591721887361198,93.08833333333332,32.757636953661354,64.91233333333334,2009,1,2000,OPEC overproduction
2009-02-01,41.84,3.733852819756668,-4.605563155494751,-0.0471499232330745,88.7925,35.940027096919025,65.0875,2009,2,2000,OPEC overproduction
2009-03-01,46.65,3.8426729272933526,11.496175908221783,0.108820107536685,84.19333333333333,37.611006690095714,65.30383333333333,2009,3,2000,OPEC overproduction
2009-04-01,50.28,3.917607383722047,7.781350482315119,0.0749344564286942,79.32000000000001,37.92584463013436,65.58,2009,4,2000,OPEC overproduction
2009-05-01,58.15,4.063025878964673,15.652346857597443,0.1454184952426263,73.94666666666667,35.73641746640719,65.92316666666667,2009,5,2000,OPEC overproduction
2009-06-01,69.15,4.236278058110767,18.916595012897687,0.1732521791460941,68.74916666666667,30.795746594835663,66.48333333333333,2009,6,2000,OPEC overproduction
2009-07-01,64.67,4.169297415458502,-6.478669558929873,-0.0669806426522656,63.06916666666666,23.267800012554712,66.92966666666666,2009,7,2000,OPEC overproduction
2009-08-01,71.63,4.27151398062636,10.762331838565007,0.1022165651678586,59.490833333333335,17.11616485204623,67.42216666666667,2009,8,2000,OPEC overproduction
2009-09-01,68.35,4.224641563169959,-4.579086974731261,-0.0468724174564014,56.88166666666667,12.082383745341618,67.868,2009,9,2000,OPEC overproduction
2009-10-01,74.08,4.305145590337924,8.383321141185075,0.0805040271679651,56.9975,12.253171110889037,68.32133333333333,2009,10,2000,OPEC overproduction
2009-11-01,77.55,4.350922889622548,4.68412526997839,0.0457772992846239,58.9625,13.546039424529502,68.91166666666666,2009,11,2000,OPEC overproduction
2009-12-01,74.88,4.315886832169337,-3.4429400386847164,-0.0350360574532109,61.7575,13.029745776491518,69.509,2009,12,2000,OPEC overproduction
2010-01-01,77.12,4.34536265030229,2.991452991453003,0.029475818132953,64.52916666666667,12.39874367413765,70.07816666666666,2010,1,2010,OPEC overproduction
2010-02-01,74.76,4.314282982587362,-3.0601659751037347,-0.0310796677149278,67.2725,10.40357641740215,70.57716666666667,2010,2,2010,OPEC overproduction
2010-03-01,79.3,4.373238128640803,6.072766185125733,0.0589551460534405,69.99333333333334,8.639846729841363,71.04983333333332,2010,3,2010,OPEC overproduction
2010-04-01,84.18,4.432957363342425,6.153846153846176,0.0597192347016219,72.81833333333333,6.993470764458264,71.60883333333335,2010,4,2010,OPEC overproduction
2010-05-01,75.62,4.325720798462787,-10.168686148728913,-0.1072365648796376,74.27416666666666,5.267834570352912,72.07200000000002,2010,5,2010,OPEC overproduction
2010-06-01,74.72,4.313747793920587,-1.1901613329806993,-0.0119730045421997,74.73833333333333,5.014589321231129,72.41916666666667,2010,6,2010,OPEC overproduction
2010-07-01,74.58,4.311872374750675,-0.1873661670235504,-0.0018754191699121,75.56416666666667,3.8972821726598887,72.72266666666668,2010,7,2010,OPEC overproduction
2010-08-01,75.83,4.328493992712844,1.676052561008312,0.0166216179621692,75.91416666666667,3.695204406532861,72.955,2010,8,2010,OPEC overproduction
2010-09-01,76.12,4.332311042427949,0.3824343927205653,0.0038170497151046,76.56166666666667,2.8283398064244945,73.19550000000001,2010,9,2010,OPEC overproduction
2010-10-01,81.72,4.403298769949421,7.356805044666315,0.070987727521472,77.19833333333334,3.068611866606479,73.58766666666666,2010,10,2010,OPEC overproduction
2010-11-01,84.53,4.437106500940836,3.4385707293196344,0.0338077309914153,77.78,3.7313146598629854,74.07916666666667,2010,11,2010,OPEC overproduction
2010-12-01,90.01,4.499920775268994,6.482905477345335,0.0628142743281578,79.04083333333334,5.00214764482272,74.63883333333335,2010,12,2010,OPEC overproduction
2011-01-01,92.69,4.529260591887741,2.977446950338836,0.029339816618747,80.33833333333334,6.307602675751778,75.14266666666667,2011,1,2010,OPEC overproduction
2011-02-01,97.91,4.58404868936598,5.63167547739778,0.0547880974782382,82.2675,7.808095012694986,75.7795,2011,2,2010,OPEC overproduction
2011-03-01,108.65,4.688131706702439,10.96925748136044,0.1040830173364595,84.71333333333332,10.812765463548017,76.57483333333334,2011,3,2010,OPEC overproduction
2011-04-01,116.24,4.755657019262028,6.985734008283462,0.0675253125595887,87.385,14.123054974692328,77.37933333333334,2011,4,2010,OPEC overproduction
2011-05-01,108.07,4.6827791653150745,-7.028561596696492,-0.0728778539469532,90.08916666666666,14.75796023004247,78.03583333333333,2011,5,2010,OPEC overproduction
2011-06-01,105.85,4.662022997580874,-2.0542241140001805,-0.0207561677342003,92.68333333333334,14.545250604630892,78.66183333333333,2011,6,2010,OPEC overproduction
2011-07-01,107.92,4.6813902118995,1.955597543693921,0.0193672143186258,95.46166666666666,13.944706283508935,79.253,2011,7,2010,OPEC overproduction
2011-08-01,100.49,4.610058220060867,-6.884729429206827,-0.0713319918386332,97.51666666666664,12.534347960220316,79.73100000000001,2011,8,2010,OPEC overproduction
2011-09-01,100.82,4.6133367486544845,0.3283908846651417,0.0032785285936176,99.575,10.576399542033569,80.37599999999999,2011,9,2010,OPEC overproduction
2011-10-01,99.85,4.603669059861824,-0.9621106923229484,-0.0096676887926605,101.08583333333333,8.966329398298312,81.075,2011,10,2010,OPEC overproduction
2011-11-01,105.41,4.657857508267098,5.568352528793197,0.0541884484052737,102.82583333333334,7.339911392000933,81.86283333333334,2011,11,2010,OPEC overproduction
2011-12-01,104.23,4.646599995751231,-1.1194383834550736,-0.0112575125158667,104.01083333333334,6.131088377847007,82.58349999999999,2011,12,2010,OPEC overproduction
2012-01-01,107.07,4.673482826170178,2.724743356039516,0.0268828304189474,105.20916666666666,5.022294764046683,83.47600000000001,2012,1,2010,OPEC overproduction
2012-02-01,112.69,4.724640685964258,5.248902587092563,0.0511578597940793,106.44083333333332,4.879818287103797,84.39483333333332,2012,2,2010,OPEC overproduction
2012-03-01,117.78,4.768818477516425,4.516816044014549,0.0441777915521672,107.20166666666668,5.867388815746974,85.34783333333333,2012,3,2010,OPEC overproduction
2012-04-01,113.67,4.733299513698619,-3.4895568008150746,-0.0355189638178057,106.9875,5.545565181459808,86.15799999999999,2012,4,2010,OPEC overproduction
2012-05-01,104.09,4.645255909527377,-8.427905340019349,-0.0880436041712426,106.65583333333336,5.593745628066787,86.80683333333333,2012,5,2010,OPEC overproduction
2012-06-01,90.73,4.507888063181538,-12.8350465942934,-0.1373678463458389,105.39583333333331,7.249586142837764,87.18249999999999,2012,6,2010,OPEC overproduction
2012-07-01,96.75,4.572130331909891,6.635071090047395,0.0642422687283534,104.46500000000002,7.60444307924358,87.56833333333334,2012,7,2010,OPEC overproduction
2012-08-01,105.27,4.656528478263233,8.806201550387582,0.084398146353342,104.86333333333334,7.501796552503444,88.154,2012,8,2010,OPEC overproduction
2012-09-01,106.28,4.666077120891613,0.9594376365536396,0.0095486426283795,105.31833333333331,7.399143480324281,88.64599999999999,2012,9,2010,OPEC overproduction
2012-10-01,103.41,4.638701669196884,-2.7004140007527377,-0.0273754516947288,105.615,7.229381339053545,89.00333333333334,2012,10,2010,OPEC overproduction
2012-11-01,101.17,4.616802270217799,-2.1661348032105177,-0.0218993989790847,105.26166666666666,7.343032360164656,89.16716666666667,2012,11,2010,OPEC overproduction
2012-12-01,101.19,4.616999937741668,0.019768706138179,0.000197667523869,105.00833333333333,7.433739831255123,89.36166666666666,2012,12,2010,OPEC overproduction
2013-01-01,105.1,4.6549122778829055,3.86401818361497,0.0379123401412373,104.84416666666664,7.405771040004597,89.60183333333335,2013,1,2010,OPEC overproduction
2013-02-01,107.64,4.678792325858705,2.416745956232158,0.0238800479757994,104.42333333333336,7.0545553733139394,89.83933333333333,2013,2,2010,OPEC overproduction
2013-03-01,102.52,4.630057901495871,-4.756596060943896,-0.0487344243628342,103.15166666666666,5.666895628173071,89.85066666666667,2013,3,2010,OPEC overproduction
2013-04-01,98.85,4.593603549616626,-3.5797893094030475,-0.0364543518792448,101.91666666666669,4.698327232950014,89.6855,2013,4,2010,OPEC overproduction
2013-05-01,99.37,4.598850257243272,0.5260495700556422,0.0052467076266458,101.52333333333333,4.697413859742176,89.29783333333333,2013,5,2010,OPEC overproduction
2013-06-01,99.74,4.602566800117977,0.3723457784039263,0.003716542874705,102.27416666666666,3.3390511943947248,88.76816666666667,2013,6,2010,OPEC overproduction
2013-07-01,105.26,4.656433479925633,5.53438941247244,0.0538666798076565,102.98333333333332,2.938856714418004,88.30866666666665,2013,7,2010,OPEC overproduction
2013-08-01,108.16,4.683611612294654,2.755082652479568,0.0271781323690207,103.22416666666663,3.2456781287047733,88.20183333333334,2013,8,2010,OPEC overproduction
2013-09-01,108.76,4.68914361976427,0.5547337278106523,0.0055320074696156,103.43083333333333,3.5248918960428988,88.3535,2013,9,2010,OPEC overproduction
2013-10-01,105.43,4.6580472255888585,-3.061787421846262,-0.0310963941754112,103.59916666666668,3.5717285306936093,88.89916666666666,2013,10,2010,OPEC overproduction
2013-11-01,102.63,4.631130287657623,-2.655790571943484,-0.0269169379312357,103.72083333333336,3.5057160034678705,89.71016666666667,2013,11,2010,OPEC overproduction
2013-12-01,105.48,4.658521361485086,2.7769657994738406,0.0273910738274629,104.07833333333332,3.4423349193491832,90.77916666666668,2013,12,2010,OPEC overproduction
2014-01-01,102.1,4.625952725170619,-3.2043989381873472,-0.0325686363144663,103.82833333333332,3.4702156949818,91.74983333333331,2014,1,2010,OPEC overproduction
2014-02-01,104.83,4.6523399904644815,2.673849167482856,0.0263872652938621,103.59416666666664,3.2791752242776213,92.79966666666664,2014,2,2010,OPEC overproduction
2014-03-01,104.04,4.64477544058045,-0.7536010683964478,-0.0075645498840311,103.72083333333336,3.263228903829598,93.75616666666666,2014,3,2010,OPEC overproduction
2014-04-01,104.87,4.652721487846314,0.7977700884275185,0.0079460472658636,104.2225,2.8874465756570777,94.666,2014,4,2010,OPEC overproduction
2014-05-01,105.71,4.660699495780571,0.8009917040144865,0.0079780079342572,104.75083333333332,2.4684756368451466,95.45866666666666,2014,5,2010,OPEC overproduction
2014-06-01,108.37,4.685551297934904,2.516318229117398,0.0248518021543322,105.46999999999998,2.10649644498356,96.11233333333332,2014,6,2010,OPEC overproduction
2014-07-01,105.23,4.656148430752721,-2.897480852634493,-0.0294028671821831,105.4675,2.1067861133190124,96.78833333333334,2014,7,2010,OPEC overproduction
2014-08-01,100.05,4.605670061029742,-4.92255060344009,-0.0504783697229784,104.79166666666669,2.43912738991704,97.262,2014,8,2010,OPEC overproduction
2014-09-01,95.85,4.562784469491653,-4.197901049475261,-0.0428855915380887,103.71583333333336,3.2440083464005176,97.72033333333331,2014,9,2010,OPEC overproduction
2014-10-01,86.08,4.455277096413474,-10.19300991131976,-0.107507373078179,102.10333333333334,5.974505431541274,97.92033333333332,2014,10,2010,OPEC overproduction
2014-11-01,76.99,4.343675543289958,-10.559944237918216,-0.1116015531235161,99.96666666666664,9.382090611501535,97.91100000000002,2014,11,2010,OPEC overproduction
2014-12-01,60.7,4.1059436980654525,-21.158592024938294,-0.2377318452245056,96.235,14.49962413305948,97.67466666666668,2014,12,2010,OPEC overproduction
2015-01-01,47.11,3.85248529271195,-22.388797364085665,-0.2534584053535025,91.6525,20.08958532763592,97.1745,2015,1,2010,OPEC overproduction
2015-02-01,54.79,4.003507695550324,16.302271279983028,0.1510224028383739,87.4825,22.18934311166677,96.84166666666668,2015,2,2010,OPEC overproduction
2015-03-01,52.83,3.967079211176225,-3.577295126847968,-0.0364284843740994,83.215,23.5953437240178,96.4005,2015,3,2010,OPEC overproduction
2015-04-01,57.54,4.052480358123402,8.915388983532079,0.0854011469471776,79.27083333333333,23.60225700237291,95.9565,2015,4,2010,OPEC overproduction
2015-05-01,62.51,4.135326543943721,8.637469586374703,0.0828461858203191,75.67083333333333,22.470400513618458,95.738,2015,5,2010,OPEC overproduction
2015-06-01,61.31,4.115942961774596,-1.919692849144128,-0.0193835821691248,71.74916666666665,20.24071569806012,95.5145,2015,6,2010,OPEC overproduction
2015-07-01,54.34,3.9952606039982017,-11.368455390637743,-0.1206823577763946,67.50833333333334,17.768330270626464,95.17716666666664,2015,7,2010,OPEC overproduction
2015-08-01,45.69,3.82187945557518,-15.918292234081722,-0.1733811484230214,62.97833333333333,15.502721071026876,94.67483333333332,2015,8,2010,OPEC overproduction
2015-09-01,46.28,3.834709902325476,1.291311008973528,0.0128304467502955,58.8475,12.19985255126993,94.1775,2015,9,2010,OPEC overproduction
2015-10-01,46.96,3.849296175519841,1.4693171996542853,0.0145862731943653,55.587500000000006,9.0923185611912,93.59816666666666,2015,10,2010,OPEC overproduction
2015-11-01,43.11,3.763754988759043,-8.198466780238501,-0.085541186760798,52.76416666666668,6.818019518270344,92.90783333333331,2015,11,2010,OPEC overproduction
2015-12-01,36.57,3.59922823216129,-15.170494084899088,-0.1645267565977533,50.75333333333333,7.758230038696558,92.01716666666668,2015,12,2010,OPEC overproduction
2016-01-01,29.78,3.393837027255863,-18.56713152857533,-0.2053912049054269,49.30916666666666,9.833481264937616,90.96866666666666,2016,1,2010,OPEC overproduction
2016-02-01,31.03,3.434954478460289,4.1974479516454055,0.0411174512044261,47.32916666666667,10.95741547025936,89.854,2016,2,2010,OPEC overproduction
2016-03-01,37.34,3.620065138113576,20.33515952304224,0.1851106596532874,46.03833333333333,11.160986298330249,88.6655,2016,3,2010,OPEC overproduction
2016-04-01,40.75,3.707455839686872,9.132297803963564,0.0873907015732951,44.63916666666666,10.627707747661178,87.40733333333333,2016,4,2010,OPEC overproduction
2016-05-01,45.94,3.827336197260952,12.73619631901839,0.1198803575740807,43.25833333333333,9.054757497212934,86.37183333333334,2016,5,2010,OPEC overproduction
2016-06-01,47.69,3.864721732310133,3.8093164997823337,0.0373855350491805,42.123333333333335,7.2625644523296975,85.40249999999999,2016,6,2010,OPEC overproduction
2016-07-01,44.13,3.787139823281456,-7.464877332774156,-0.0775819090286771,41.2725,6.225212847766778,84.33933333333333,2016,7,2010,OPEC overproduction
2016-08-01,44.88,3.803992261214441,1.6995241332427025,0.016852437932985,41.205000000000005,6.177165428193848,83.4125,2016,8,2010,OPEC overproduction
2016-09-01,45.04,3.807550983831435,0.3565062388591666,0.0035587226169941,41.10166666666667,6.094368239811637,82.48283333333333,2016,9,2010,OPEC overproduction
2016-10-01,49.29,3.8977212207172864,9.436056838365904,0.0901702368858514,41.29583333333333,6.3305241178010805,81.64016666666666,2016,10,2010,OPEC overproduction
2016-11-01,45.26,3.8124236402053913,-8.176100628930815,-0.0852975805118951,41.475,6.41637889948986,80.63766666666668,2016,11,2010,OPEC overproduction
2016-12-01,52.62,3.9630962756121466,16.261599646486967,0.1506726354067553,42.8125,6.951482673763693,79.7775,2016,12,2010,OPEC overproduction
2017-01-01,53.59,3.981362483506759,1.8434055492208443,0.0182662078946123,44.79666666666666,6.256775721107702,78.88616666666667,2017,1,2010,OPEC overproduction
2017-02-01,54.35,3.9954446135672175,1.4181750326553333,0.0140821300604594,46.74,5.10833721389939,77.91383333333333,2017,2,2010,OPEC overproduction
2017-03-01,50.9,3.929862923556477,-6.347746090156403,-0.0655816900107413,47.87,4.271139937257573,76.79916666666668,2017,3,2010,OPEC overproduction
2017-04-01,52.16,3.9543159176183975,2.475442043222009,0.0244529940619204,48.82083333333333,3.784293997644248,75.77400000000002,2017,4,2010,OPEC overproduction
2017-05-01,49.89,3.909820581872946,-4.351993865030668,-0.0444953357454513,49.150000000000006,3.681321403073559,74.87066666666666,2017,5,2010,OPEC overproduction
2017-06-01,46.17,3.8323302365188976,-7.456404088995794,-0.0774903453540485,49.02333333333333,3.7614028653085967,74.12799999999999,2017,6,2010,OPEC overproduction
2017-07-01,47.66,3.864092471670596,3.227203811999124,0.0317622351516981,49.3175,3.470724642701397,73.30983333333333,2017,7,2010,OPEC overproduction
2017-08-01,49.94,3.910822284851627,4.783885858161985,0.0467298131810314,49.73916666666667,3.177587587901876,72.38766666666668,2017,8,2010,OPEC overproduction
2017-09-01,52.95,3.969348072047416,6.027232679215078,0.0585257871957884,50.39833333333333,2.924519644576748,71.49883333333334,2017,9,2010,OPEC overproduction
2017-10-01,54.92,4.00587758089977,3.7204910292728983,0.0365295088523542,50.8675,3.1717019377328506,70.69066666666666,2017,10,2010,OPEC overproduction
2017-11-01,59.93,4.093177214470094,9.122359796066991,0.087299633570324,52.09,3.61068364214264,70.00333333333333,2017,11,2010,OPEC overproduction
2017-12-01,61.19,4.113983777474449,2.102452861671944,0.0208065630043554,52.80416666666667,4.470266329941214,69.33666666666666,2017,12,2010,OPEC overproduction
2018-01-01,66.23,4.193133532496888,8.236639973851956,0.0791497550224384,53.85750000000001,5.924812425109108,68.68883333333333,2018,1,2010,OPEC overproduction
2018-02-01,63.46,4.150409786155049,-4.182394685187985,-0.0427237463418386,54.61666666666667,6.544858264085605,67.9525,2018,2,2010,OPEC overproduction
2018-03-01,64.17,4.161535811762424,1.1188150015758014,0.0111260256073748,55.7225,6.967228645595024,67.31333333333333,2018,3,2010,OPEC overproduction
2018-04-01,68.79,4.2310583855379225,7.199625993454895,0.0695225737754983,57.10833333333333,7.798524141648762,66.81233333333333,2018,4,2010,OPEC overproduction
2018-05-01,73.43,4.296332571463519,6.745166448611717,0.0652741859255963,59.07,8.72353973192907,66.38000000000001,2018,5,2010,OPEC overproduction
2018-06-01,71.98,4.276388302650885,-1.9746697535067412,-0.0199442688126341,61.22083333333334,8.430715982032396,65.91733333333335,2018,6,2010,OPEC overproduction
2018-07-01,72.67,4.2859286446285445,0.9585996110030636,0.0095403419776598,63.30500000000001,7.8445632591797,65.37416666666667,2018,7,2010,OPEC overproduction
2018-08-01,71.08,4.263806003286451,-2.1879730287601484,-0.0221226413420936,65.06666666666666,6.88539077036338,64.75616666666667,2018,8,2010,OPEC overproduction
2018-09-01,75.36,4.322276630268108,6.021384355655601,0.0584706269816566,66.93416666666667,6.315803351094457,64.1995,2018,9,2010,OPEC overproduction
2018-10-01,76.73,4.340292766189574,1.8179405520169836,0.0180161359214663,68.75166666666667,5.646894292574813,63.72116666666667,2018,10,2010,OPEC overproduction
2018-11-01,62.32,4.132282401562493,-18.78013814674834,-0.2080103646270812,68.95083333333334,5.341348924507007,63.04933333333334,2018,11,2010,OPEC overproduction
2018-12-01,53.96,3.988243031339555,-13.414634146341465,-0.1440393702229374,68.34833333333334,6.56414895589294,62.190666666666665,2018,12,2010,OPEC overproduction
2019-01-01,56.58,4.035655565873421,4.855448480355817,0.047412534533866,67.54416666666667,7.386810676448661,61.432,2019,1,2010,OPEC overproduction
2019-02-01,61.13,4.113002744040634,8.041710851891137,0.077347178167213,67.35000000000001,7.53309908458536,60.70366666666667,2019,2,2010,OPEC overproduction
2019-03-01,63.79,4.155596438253864,4.351382300016349,0.0425936942132292,67.31833333333333,7.548465025581242,60.032833333333336,2019,3,2010,OPEC overproduction
2019-04-01,68.58,4.228000947034774,7.509013952030097,0.0724045087809104,67.30083333333333,7.544985641691595,59.428,2019,4,2010,OPEC overproduction
2019-05-01,66.83,4.2021520815229785,-2.5517643627879893,-0.0258488655117954,66.75083333333333,7.293956973641425,58.78,2019,5,2010,OPEC overproduction
2019-06-01,59.76,4.090336540824562,-10.579081250935207,-0.1118155406984167,65.7325,7.350345848387561,57.96983333333333,2019,6,2010,OPEC overproduction
2019-07-01,61.48,4.118711918670395,2.878179384203472,0.0283753778458333,64.8,7.0956042730692985,57.24066666666667,2019,7,2010,OPEC overproduction
2019-08-01,57.67,4.0547371076273215,-6.197137280416387,-0.0639748110430735,63.6825,7.072587446035405,56.53433333333333,2019,8,2010,OPEC overproduction
2019-09-01,60.04,4.095011006765261,4.109589041095885,0.0402738991379392,62.40583333333333,6.087107774682952,55.93750000000001,2019,9,2010,OPEC overproduction
2019-10-01,57.27,4.047776926405766,-4.613590939373746,-0.0472340803594946,60.78416666666667,4.234265973381112,55.45733333333333,2019,10,2010,OPEC overproduction
2019-11-01,60.4,4.100989104940769,5.465339619346943,0.053212178535003,60.62416666666667,4.207144266457672,55.18083333333333,2019,11,2010,OPEC overproduction
2019-12-01,63.35,4.148674906767148,4.884105960264895,0.047685801826379,61.40666666666666,3.697321716971296,55.225,2019,12,2010,OPEC overproduction
2020-01-01,61.63,4.121148764974151,-2.7150749802683505,-0.0275261417929968,61.82750000000001,3.370999649416071,55.467,2020,1,2020,OPEC overproduction
2020-02-01,53.35,3.976873977747762,-13.435015414570827,-0.1442747872263892,61.17916666666667,4.170649520667271,55.443000000000005,2020,2,2020,OPEC overproduction
2020-03-01,32.2,3.471966452550362,-39.64386129334583,-0.5049075251973996,58.54666666666666,9.249827844425818,55.09916666666667,2020,3,2020,OPEC overproduction
2020-04-01,21.04,3.046425387869509,-34.65838509316771,-0.4255410646808535,54.585,13.681098772992032,54.49083333333333,2020,4,2020,OPEC overproduction
2020-05-01,30.38,3.4137844971676268,44.39163498098859,0.3673591092981176,51.54749999999999,14.722037362094625,53.955333333333336,2020,5,2020,OPEC overproduction
2020-06-01,39.46,3.675287500594469,29.88808426596445,0.2615030034268426,49.85583333333333,14.858251125726497,53.59116666666667,2020,6,2020,OPEC overproduction
2020-07-01,42.07,3.7393348976024297,6.614292954891021,0.0640473970079602,48.23833333333334,14.530676536419834,53.38666666666666,2020,7,2020,OPEC overproduction
2020-08-01,43.44,3.77138067562568,3.256477299738525,0.0320457780232503,47.0525,14.269291327883158,53.34916666666666,2020,8,2020,OPEC overproduction
2020-09-01,40.6,3.703768066607687,-6.537753222836084,-0.0676126090179929,45.4325,13.755019662257578,53.2545,2020,9,2020,OPEC overproduction
2020-10-01,39.9,3.686376323895818,-1.7241379310344862,-0.0173917427118692,43.98500000000001,13.30258108926104,53.136833333333335,2020,10,2020,OPEC overproduction
2020-11-01,42.3,3.744787086052232,6.015037593984962,0.0584107621564142,42.47666666666667,12.257211111930244,53.123333333333335,2020,11,2020,OPEC overproduction
2020-12-01,48.73,3.886294856855415,15.200945626477536,0.1415077708031824,41.25833333333333,10.609719243422258,53.326,2020,12,2020,OPEC overproduction
2021-01-01,53.6,3.981549068076757,9.99384362815514,0.0952542112213419,40.58916666666666,9.391321388614312,53.723,2021,1,2020,OPEC overproduction
2021-02-01,60.46,4.101981989351312,12.798507462686558,0.1204329212745558,41.181666666666665,10.435797511305584,54.2135,2021,2,2020,OPEC overproduction
2021-03-01,63.83,4.156223299267966,5.573933178961288,0.0542413099166534,43.8175,11.858521389509583,54.655,2021,3,2020,OPEC overproduction
2021-04-01,62.95,4.142340760490356,-1.378662071126424,-0.0138825387776098,47.31,10.650382835628768,55.025,2021,4,2020,OPEC overproduction
2021-05-01,66.4,4.1956970564823886,5.480540111199361,0.0533562959920326,50.31166666666667,10.52019860971644,55.366,2021,5,2020,OPEC overproduction
2021-06-01,71.8,4.273884476054178,8.132530120481917,0.0781874195717895,53.00666666666666,11.57683371167952,55.767833333333336,2021,6,2020,OPEC overproduction
2021-07-01,73.28,4.294287720365875,2.0612813370473493,0.020403244311697,55.6075,12.37475151265674,56.25366666666666,2021,7,2020,OPEC overproduction
2021-08-01,68.87,4.232220669556607,-6.018013100436681,-0.0620670508092677,57.72666666666666,12.278712794050849,56.6535,2021,8,2020,OPEC overproduction
2021-09-01,72.8,4.28771595520264,5.706403368665591,0.0554952856460326,60.41,11.70048173056445,57.116166666666665,2021,9,2020,OPEC overproduction
2021-10-01,82.06,4.40745068701404,12.71978021978022,0.1197347318114001,63.923333333333325,11.305084401866829,57.66233333333333,2021,10,2020,OPEC overproduction
2021-11-01,79.92,4.381026134340298,-2.607847916158912,-0.0264245526737418,67.05833333333334,9.891412100066011,58.24,2021,11,2020,OPEC overproduction
2021-12-01,72.87,4.288677031682191,-8.821321321321317,-0.0923491026581073,69.07000000000001,8.12138814825053,58.57749999999999,2021,12,2020,OPEC overproduction
2022-01-01,83.92,4.4298639640880415,15.16399066831342,0.1411869324058505,71.59666666666666,7.568592199265744,59.083,2022,1,2020,OPEC overproduction
2022-02-01,93.54,4.53838915229774,11.46329837940896,0.1085251882096987,74.35333333333334,9.027299337749438,59.73616666666667,2022,2,2020,OPEC overproduction
2022-03-01,112.4,4.722063937459591,20.162497327346586,0.1836747851618509,78.40083333333334,13.606932363076218,60.76116666666667,2022,3,2020,OPEC overproduction
2022-04-01,103.41,4.638701669196884,-7.998220640569398,-0.0833622682627073,81.77250000000001,14.418886683160228,61.61533333333333,2022,4,2020,OPEC overproduction
2022-05-01,110.1,4.701389043728634,6.469393675659996,0.06268737453175,85.41416666666667,15.649397001646683,62.618833333333335,2022,5,2020,OPEC overproduction
2022-06-01,116.8,4.760463070394127,6.085376930063591,0.0590740266654927,89.16416666666667,17.385769760108733,63.796,2022,6,2020,OPEC overproduction
2022-07-01,105.08,4.654721964817339,-10.034246575342465,-0.1057411055767874,91.81416666666668,17.16670109587591,64.753,2022,7,2020,OPEC overproduction
2022-08-01,95.97,4.564035642629536,-8.66958507803578,-0.0906863221878033,94.0725,15.58346216929388,65.52016666666667,2022,8,2020,OPEC overproduction
2022-09-01,88.22,4.479833694676794,-8.075440241742216,-0.0842019479527422,95.3575,14.24846092167006,66.108,2022,9,2020,OPEC overproduction
2022-10-01,90.33,4.503469631161752,2.391747902969854,0.0236359364849585,96.04666666666668,13.73766510089096,66.69816666666667,2022,10,2020,OPEC overproduction
2022-11-01,87.38,4.47026642352329,-3.2658031661685016,-0.0332032076384622,96.66833333333334,13.095321741566584,67.15566666666666,2022,11,2020,OPEC overproduction
2022-12-01,78.07,4.3576058601322,-10.654612039368285,-0.1126605633910902,97.10166666666667,12.29798936510507,67.437,2022,12,2020,OPEC overproduction
2023-01-01,80.41,4.387138546560058,2.9973101063148544,0.0295326864278582,96.80916666666668,12.6759424669031,67.67333333333333,2023,1,2020,OPEC overproduction
2023-02-01,80.25,4.385146762010125,-0.1989802263400064,-0.0019917845499328,95.70166666666668,13.538747648094454,67.95316666666666,2023,2,2020,OPEC overproduction
2023-03-01,76.47,4.336898507056134,-4.710280373831777,-0.0482482549539913,92.7075,13.483042632742777,68.15816666666667,2023,3,2020,OPEC overproduction
2023-04-01,82.46,4.412313327278754,7.833137177978289,0.0754148202226199,90.96166666666666,13.326696946923771,68.386,2023,4,2020,OPEC overproduction
2023-05-01,74.12,4.30568540141716,-10.11399466407954,-0.106627925861594,87.96333333333332,12.660228587145818,68.3975,2023,5,2020,OPEC overproduction
2023-06-01,73.26,4.294014757350668,-1.160280626011867,-0.0116706440664913,84.335,9.485646093871448,68.41883333333334,2023,6,2020,OPEC overproduction
2023-07-01,78.98,4.369194655858504,7.8078078078078095,0.0751798985078355,82.16,6.94985807572532,68.52400000000002,2023,7,2020,OPEC overproduction
2023-08-01,84.72,4.439351701293151,7.267662699417565,0.0701570454346471,81.22250000000001,5.531697298297993,68.75133333333333,2023,8,2020,OPEC overproduction
2023-09-01,92.22,4.52417702677856,8.852691218130303,0.0848253254854087,81.55583333333333,6.084578805671062,69.03233333333334,2023,9,2020,OPEC overproduction
2023-10-01,89.08,4.489534842389167,-3.404901322923448,-0.0346421843893924,81.45166666666667,5.929433260259876,69.23816666666667,2023,10,2020,OPEC overproduction
2023-11-01,81.35,4.398760833665047,-8.677593174674458,-0.0907740087241206,80.94916666666667,5.629266799234785,69.55533333333332,2023,11,2020,OPEC overproduction
2023-12-01,75.72,4.327042326341122,-6.920712968653964,-0.0717185073239248,80.75333333333333,5.777459859163005,69.91799999999999,2023,12,2020,OPEC overproduction
2024-01-01,77.67,4.352469082431556,2.575277337559423,0.0254267560904342,80.52499999999999,5.846000186607558,70.26950000000001,2024,1,2020,OPEC overproduction
2024-02-01,80.55,4.388878109622984,3.7079953650057895,0.0364090271914276,80.55,5.84535868718213,70.59316666666668,2024,2,2020,OPEC overproduction
2024-03-01,83.55,4.425445255041403,3.724394785847296,0.0365671454184193,81.14,5.75268158814155,70.92249999999999,2024,3,2020,OPEC overproduction
2024-04-01,88.01,4.47745044438572,5.338120885697206,0.0520051893443174,81.6025,6.082123021983582,71.24633333333333,2024,4,2020,OPEC overproduction
2024-05-01,81.44,4.399866552802212,-7.465060788546762,-0.077583891583508,82.21249999999999,5.612387476093871,71.48983333333334,2024,5,2020,OPEC overproduction
2024-06-01,81.2,4.396915247167632,-0.2946954813359492,-0.0029513056345802,82.87416666666667,4.881431344359359,71.84716666666667,2024,6,2020,OPEC overproduction
2024-07-01,83.26,4.421968241766829,2.536945812807878,0.0250529945991972,83.23083333333334,4.724884718811412,72.21016666666668,2024,7,2020,OPEC overproduction
2024-08-01,78.12,4.358246106008478,-6.173432620706221,-0.0637221357583515,82.68083333333333,4.916048779869632,72.551,2024,8,2020,OPEC overproduction
2024-09-01,72.42,4.282482504337495,-7.296466973886329,-0.0757636016709826,81.03083333333333,4.743051297008921,72.75733333333334,2024,9,2020,OPEC overproduction
2024-10-01,73.97,4.303659605599776,2.140292736813021,0.021177101262281,79.77166666666666,4.405597335071095,73.03566666666666,2024,10,2020,OPEC overproduction
2024-11-01,72.29,4.280685807012206,-2.271191023387853,-0.0229737985875706,79.01666666666667,4.8630898021977975,73.23383333333332,2024,11,2020,OPEC overproduction
2024-12-01,72.31,4.28096243218686,0.0276663438926405,0.0002766251746546,78.7325,5.1635824861143576,73.38316666666667,2024,12,2020,OPEC overproduction
2025-01-01,67.65,4.214347354616797,-6.44447517632416,-0.0666150775700629,77.8975,6.079882063748351,73.48349999999999,2025,1,2020,OPEC overproduction
2025-02-01,66.01,4.189806245700679,-2.4242424242424288,-0.024541108916118,76.68583333333333,6.897126487739443,73.6945,2025,2,2020,OPEC overproduction
2025-03-01,68.2,4.222444564849416,3.317679139524321,0.0326383191487371,75.40666666666667,6.931687887498646,74.2945,2025,3,2020,OPEC overproduction
2025-04-01,62.97,4.142658422500651,-7.668621700879774,-0.0797861423487651,73.32000000000001,6.551251094950472,74.99333333333333,2025,4,2020,OPEC overproduction
2025-05-01,60.85,4.108411819433536,-3.366682547244715,-0.0342466030671149,71.60416666666667,6.917338503333208,75.50116666666668,2025,5,2020,OPEC overproduction
2025-06-01,67.86,4.2174467593560845,11.52013147082991,0.109034939922548,70.4925,6.277336037466215,75.9745,2025,6,2020,OPEC overproduction
2025-07-01,66.97,4.204244757921959,-1.311523725316832,-0.0132020014341254,69.135,4.868635239048888,76.3895,2025,7,2020,OPEC overproduction
2025-08-01,64.21,4.162158961805957,-4.121248320143356,-0.0420857961160017,67.97583333333334,4.135666283207619,76.73566666666667,2025,8,2020,OPEC overproduction
2025-09-01,63.51,4.151197373814884,-1.0901728702694236,-0.0109615879910736,67.23333333333333,4.06446313872576,77.1175,2025,9,2020,OPEC overproduction
2025-10-01,60.05,4.095177548525992,-5.447960951031339,-0.0560198252888914,66.07333333333334,3.951856487395482,77.45333333333333,2025,10,2020,OPEC overproduction
2025-11-01,59.46,4.085303817569952,-0.9825145711906736,-0.0098737309560403,65.00416666666666,3.8513361514564486,77.73933333333333,2025,11,2020,OPEC overproduction
2025-12-01,57.95,4.059580569785761,-2.539522367978475,-0.0257232477841906,63.807500000000005,3.597507028232497,77.893,2025,12,2020,OPEC overproduction
2026-01-01,60.04,4.095011006765261,3.60655737704918,0.0354304369794995,63.17333333333334,3.528660145755454,78.00033333333334,2026,1,2020,OPEC overproduction
2026-02-01,64.47,4.1661999993225285,7.378414390406385,0.0711889925572677,63.04500000000001,3.443081336667721,78.06716666666667,2026,2,2020,OPEC overproduction
2026-03-01,87.84,4.47551697776122,36.24941833410888,0.3093169784386917,64.68166666666667,7.899808781728771,78.46733333333333,2026,3,2020,OPEC overproduction
